Year,Month,DayofMonth,DayOfWeek,DepTime,CRSDepTime,ArrTime,CRSArrTime,UniqueCarrier,FlightNum,TailNum,ActualElapsedTime,CRSElapsedTime,AirTime,ArrDelay,DepDelay,Origin,Dest,Distance,TaxiIn,TaxiOut,Cancelled,CancellationCode,Diverted,CarrierDelay,WeatherDelay,NASDelay,SecurityDelay,LateAircraftDelay
2008,1,3,4,1954,1925,2239,2235,WN,1754,N243WN,165,190,155,4,29,ISP,FLL,1093,3,7,0,,0,NA,NA,NA,NA,NA
2008,1,3,4,700,700,851,900,WN,449,N528SW,111,120,99,-9,0,JAN,MDW,666,6,6,0,,0,NA,NA,NA,NA,NA
2008,1,3,4,816,815,1339,1340,WN,249,N256WN,203,205,185,-1,1,LAS,BNA,1588,4,14,0,,0,NA,NA,NA,NA,NA
2008,1,3,4,1506,1440,2030,2010,WN,2032,N271WN,204,210,183,20,26,LAS,BNA,1588,6,15,0,,0,18,0,0,0,2
2008,1,3,4,1426,1355,1605,1530,WN,488,N615SW,99,95,75,35,31,LAS,SFO,414,3,21,0,,0,0,0,22,0,13
2008,1,3,4,1301,1300,1422,1415,WN,1655,N669SW,81,75,65,7,1,LAX,OAK,337,4,12,0,,0,NA,NA,NA,NA,NA
2008,1,3,4,625,625,717,720,WN,63,N768SW,52,55,37,-3,0,MCI,STL,237,3,12,0,,0,NA,NA,NA,NA,NA
2008,1,3,4,818,805,1145,1135,WN,629,N376SW,147,150,131,10,13,MCI,TPA,1048,4,12,0,,0,NA,NA,NA,NA,NA
2008,1,3,4,2100,2030,2324,2255,WN,121,N467WN,144,145,131,29,30,MCO,ISP,972,4,9,0,,0,11,0,0,0,18
2008,1,3,4,2106,1925,2,2215,WN,714,N305SW,116,110,90,107,101,MDW,ALB,717,5,21,0,,0,48,0,6,0,53
2008,1,3,4,2239,2115,2358,2240,WN,3491,N523SW,79,85,67,78,84,MDW,OMA,423,2,10,0,,0,7,0,0,0,71
2008,1,3,4,2046,2010,2159,2130,WN,2901,N265WN,73,80,61,29,36,ONT,SMF,389,5,7,0,,0,0,0,0,0,29
2008,1,3,4,802,800,1016,1030,WN,1683,N264LV,134,150,98,-14,2,PHL,JAX,742,6,30,0,,0,NA,NA,NA,NA,NA
2008,1,3,4,1656,1630,2006,2005,WN,262,N759GS,310,335,294,1,26,PHL,PHX,2075,8,8,0,,0,NA,NA,NA,NA,NA
2008,1,3,4,1723,1715,1830,1825,WN,3493,N206WN,67,70,51,5,8,PHL,PVD,238,4,12,0,,0,NA,NA,NA,NA,NA
2008,1,3,4,617,615,655,650,WN,1597,N429WN,98,95,71,5,2,RDU,BNA,443,18,9,0,,0,NA,NA,NA,NA,NA
2008,1,3,4,1615,1545,1725,1655,WN,637,N342SW,70,70,54,30,30,RNO,LAS,345,6,10,0,,0,14,0,0,0,16
2008,1,3,4,1927,1855,2049,2020,WN,520,N283WN,82,85,64,29,32,RNO,LAX,390,9,9,0,,0,17,0,0,0,12
2008,1,3,4,2001,1935,2127,2100,WN,998,N369SW,146,145,127,27,26,SAT,PHX,843,11,8,0,,0,11,0,1,0,15
2008,1,3,4,646,635,828,815,WN,3949,N323SW,102,100,74,13,11,SLC,PHX,507,4,24,0,,0,NA,NA,NA,NA,NA
2008,1,3,4,1136,1135,1246,1255,WN,330,N236WN,70,80,60,-9,1,SMF,LAX,373,4,6,0,,0,NA,NA,NA,NA,NA
2008,1,3,4,2240,2125,2355,2240,WN,633,N314SW,75,75,57,75,75,SMF,ONT,389,4,14,0,,0,0,0,0,0,75
2008,1,3,4,1819,1800,1942,1925,WN,114,N343SW,83,85,70,17,19,SMF,SAN,480,3,10,0,,0,13,0,0,0,4
2008,1,3,4,1158,1150,1346,1345,WN,87,N340LV,48,55,38,1,8,STL,SDF,254,2,8,0,,0,NA,NA,NA,NA,NA
2008,1,3,4,1647,1535,1742,1635,WN,574,N314SW,55,60,43,67,72,TUL,DAL,237,3,9,0,,0,0,0,0,0,67
2008,1,4,5,652,650,715,725,WN,1653,N410WN,83,95,73,-10,2,ABQ,LAS,487,3,7,0,,0,NA,NA,NA,NA,NA
2008,1,4,5,702,700,754,800,WN,3833,N749SW,52,60,38,-6,2,BWI,PIT,210,6,8,0,,0,NA,NA,NA,NA,NA
2008,1,4,5,1935,1915,2047,2040,WN,1062,N606SW,132,145,117,7,20,BWI,STL,737,3,12,0,,0,NA,NA,NA,NA,NA
2008,1,4,5,844,845,947,950,WN,6,N527SW,63,65,53,-3,-1,DAL,LBB,293,2,8,0,,0,NA,NA,NA,NA,NA
2008,1,4,5,1649,1650,1750,1755,WN,38,N527SW,61,65,52,-5,-1,DAL,LBB,293,2,7,0,,0,NA,NA,NA,NA,NA
2008,1,4,5,639,640,636,645,WN,19,N528SW,57,65,44,-9,-1,DTW,MDW,229,5,8,0,,0,NA,NA,NA,NA,NA
2008,1,4,5,1215,1205,1244,1245,WN,1679,N206WN,89,100,71,-1,10,DTW,STL,440,5,13,0,,0,NA,NA,NA,NA,NA
2008,1,4,5,2032,2005,2248,2235,WN,2192,N669SW,76,90,67,13,27,ELP,DAL,562,4,5,0,,0,NA,NA,NA,NA,NA
2008,1,4,5,1311,1310,1523,1525,WN,3832,N249WN,192,195,168,-2,1,FLL,MDW,1166,6,18,0,,0,NA,NA,NA,NA,NA
2008,1,4,5,828,825,912,915,WN,1,N511SW,44,50,33,-3,3,HOU,CRP,187,3,8,0,,0,NA,NA,NA,NA,NA
2008,1,4,5,718,715,706,710,WN,1016,N742SW,48,55,36,-4,3,IND,MDW,162,5,7,0,,0,NA,NA,NA,NA,NA
2008,1,4,5,923,920,1205,1210,WN,71,N682SW,102,110,89,-5,3,LAS,BOI,520,3,10,0,,0,NA,NA,NA,NA,NA
2008,1,4,5,2218,2155,2348,2325,WN,1950,N235WN,90,90,74,23,23,LAS,OAK,407,5,11,0,,0,22,0,0,0,1
2008,1,4,5,600,600,757,805,WN,102,N337SW,57,65,44,-8,0,LAS,PHX,256,4,9,0,,0,NA,NA,NA,NA,NA
2008,1,4,5,NA,900,NA,1020,WN,1486,,NA,80,NA,NA,NA,LAX,SMF,373,NA,NA,1,B,0,NA,NA,NA,NA,NA
2008,1,4,5,1043,1035,1214,1215,WN,8,N515SW,91,100,81,-1,8,LIT,MDW,544,5,5,0,,0,NA,NA,NA,NA,NA
2008,1,4,5,1826,1805,1940,1925,WN,154,N376SW,74,80,61,15,21,MCI,MDW,405,5,8,0,,0,0,0,0,0,15
2008,1,4,5,1709,1645,1943,1920,WN,365,N642WN,154,155,142,23,24,MCO,BDL,1050,4,8,0,,0,11,0,0,0,12
2008,1,4,5,1906,1910,2139,2145,WN,3567,N260WN,153,155,137,-6,-4,MCO,BUF,1011,5,11,0,,0,NA,NA,NA,NA,NA
2008,1,4,5,1643,1635,2015,2030,WN,1033,N708SA,332,355,317,-15,8,MHT,PHX,2279,6,9,0,,0,NA,NA,NA,NA,NA
2008,1,4,5,1241,1240,1501,1505,WN,788,N776WN,80,85,67,-4,1,MSY,TPA,487,5,8,0,,0,NA,NA,NA,NA,NA
2008,1,4,5,630,630,843,855,WN,806,N282WN,73,85,65,-12,0,MSY,TPA,487,4,4,0,,0,NA,NA,NA,NA,NA
2008,1,4,5,1926,1815,2211,2110,WN,1222,N675AA,105,115,89,61,71,OAK,PHX,646,3,13,0,,0,0,0,0,0,61
2008,1,4,5,2005,1840,2136,2005,WN,2807,N679AA,91,85,75,91,85,PDX,SMF,479,5,11,0,,0,0,0,6,0,85
2008,1,4,5,1415,1405,1649,1655,WN,998,N652SW,154,170,129,-6,10,PHL,TPA,920,4,21,0,,0,NA,NA,NA,NA,NA
2008,1,4,5,700,700,705,715,WN,3422,N775SW,65,75,52,-10,0,PHX,ONT,325,3,10,0,,0,NA,NA,NA,NA,NA
2008,1,4,5,819,815,928,935,WN,354,N436WN,69,80,60,-7,4,PVD,BWI,328,3,6,0,,0,NA,NA,NA,NA,NA
2008,1,4,5,733,730,843,845,WN,3598,N442WN,70,75,55,-2,3,RNO,LAS,345,6,9,0,,0,NA,NA,NA,NA,NA
2008,1,4,5,1638,1545,1803,1715,WN,2360,N494WN,85,90,69,48,53,RNO,PDX,444,6,10,0,,0,0,0,0,0,48
2008,1,4,5,1421,1425,1526,1520,WN,2353,N674AA,65,55,48,6,-4,SAT,DAL,248,4,13,0,,0,NA,NA,NA,NA,NA
2008,1,4,5,1514,1410,1636,1530,WN,2907,N637SW,82,80,69,66,64,SJC,LAS,386,4,9,0,,0,18,0,2,0,46
2008,1,4,5,626,625,851,900,WN,2646,N291WN,205,215,193,-9,1,STL,PHX,1262,4,8,0,,0,NA,NA,NA,NA,NA
2008,1,4,5,923,920,1013,1020,WN,3138,N340LV,50,60,38,-7,3,TPA,FLL,197,4,8,0,,0,NA,NA,NA,NA,NA
2008,1,5,6,1544,1515,1654,1630,WN,3046,N723SW,70,75,56,24,29,ALB,BWI,288,4,10,0,,0,11,0,0,0,13
2008,1,5,6,955,955,1338,1355,WN,716,N264LV,163,180,151,-17,0,AUS,BWI,1342,3,9,0,,0,NA,NA,NA,NA,NA
2008,1,5,6,1201,1155,1330,1320,WN,2985,N777QC,209,205,181,10,6,AUS,LAX,1242,19,9,0,,0,NA,NA,NA,NA,NA
2008,1,5,6,954,955,1115,1130,WN,513,N503SW,141,155,131,-15,-1,AUS,PHX,872,4,6,0,,0,NA,NA,NA,NA,NA
2008,1,5,6,1911,1845,2136,2120,WN,385,N796SW,85,95,75,16,26,BNA,BWI,588,3,7,0,,0,0,0,0,0,16
2008,1,5,6,1750,1735,2107,2055,WN,489,N470WN,317,320,295,12,15,BWI,PHX,1999,13,9,0,,0,NA,NA,NA,NA,NA
2008,1,5,6,1049,1050,1108,1110,WN,97,N709SW,79,80,64,-2,-1,CLE,MDW,307,4,11,0,,0,NA,NA,NA,NA,NA
2008,1,5,6,1656,1625,1754,1715,WN,1593,N417WN,118,110,94,39,31,ELP,LAS,584,16,8,0,,0,12,0,8,0,19
2008,1,5,6,1647,1645,1821,1800,WN,431,N617SW,94,75,51,21,2,FLL,JAX,318,10,33,0,,0,0,0,21,0,0
2008,1,5,6,1456,1420,1659,1630,WN,2208,N675AA,123,130,111,29,36,GEG,OAK,723,4,8,0,,0,12,0,0,0,17
2008,1,5,6,828,830,951,955,WN,300,N230WN,143,145,125,-4,-2,ISP,MDW,765,4,14,0,,0,NA,NA,NA,NA,NA
2008,1,5,6,2011,1640,334,25,WN,1018,N429WN,263,285,250,189,211,LAS,BDL,2298,4,9,0,,0,4,0,0,0,185
2008,1,5,6,1037,1030,1548,1545,WN,762,N736SA,191,195,167,3,7,LAS,MSY,1501,4,20,0,,0,NA,NA,NA,NA,NA
2008,1,5,6,1503,1435,1559,1530,WN,872,N421LV,56,55,40,29,28,LAS,ONT,197,5,11,0,,0,1,0,1,0,27
2008,1,5,6,1402,1355,1622,1615,WN,1660,N447WN,80,80,55,7,7,LAS,SLC,368,5,20,0,,0,NA,NA,NA,NA,NA
2008,1,5,6,1211,1150,1420,1405,WN,463,N628SW,69,75,55,15,21,LAX,PHX,370,5,9,0,,0,10,0,0,0,5
2008,1,5,6,1218,1220,1340,1340,WN,1264,N695SW,82,80,70,0,-2,MCI,BNA,491,4,8,0,,0,NA,NA,NA,NA,NA
2008,1,5,6,2004,1910,2228,2145,WN,3567,N780SW,144,155,128,43,54,MCO,BUF,1011,3,13,0,,0,3,0,0,0,40
2008,1,5,6,949,955,1034,1045,WN,150,N266WN,45,50,33,-11,-6,MCO,RSW,133,2,10,0,,0,NA,NA,NA,NA,NA
2008,1,5,6,606,605,807,805,WN,1862,N389SW,61,60,49,2,1,MDW,CMH,284,4,8,0,,0,NA,NA,NA,NA,NA
2008,1,5,6,2038,1935,2258,2200,WN,2612,N746SW,80,85,64,58,63,OAK,BOI,511,4,12,0,,0,14,0,0,0,44
2008,1,5,6,912,915,1028,1035,WN,2877,N785SW,76,80,44,-7,-3,PHL,PIT,267,5,27,0,,0,NA,NA,NA,NA,NA
2008,1,5,6,1614,1615,1911,1920,WN,301,N383SW,177,185,152,-9,-1,PHL,RSW,992,4,21,0,,0,NA,NA,NA,NA,NA
2008,1,5,6,1757,1750,1818,1810,WN,806,N455WN,81,80,74,8,7,PHX,BUR,369,2,5,0,,0,NA,NA,NA,NA,NA
2008,1,5,6,NA,1545,NA,1715,WN,2360,,NA,90,NA,NA,NA,RNO,PDX,444,NA,NA,1,B,0,NA,NA,NA,NA,NA
2008,1,5,6,1526,1430,1720,1550,WN,392,N459WN,114,80,71,90,56,SAN,SJC,417,3,40,0,,0,18,0,34,0,38
2008,1,5,6,1144,1145,1152,1150,WN,806,N455WN,68,65,59,2,-1,SDF,MDW,271,3,6,0,,0,NA,NA,NA,NA,NA
2008,1,5,6,1759,1610,1859,1720,WN,780,N459WN,60,70,49,99,109,SJC,ONT,333,4,7,0,,0,17,0,0,0,82
2008,1,5,6,1739,1710,1843,1810,WN,2377,N652SW,124,120,106,33,29,SLC,LAX,590,9,9,0,,0,21,0,4,0,8
2008,1,5,6,757,755,910,905,WN,1321,N675AA,73,70,58,5,2,SMF,BUR,358,2,13,0,,0,NA,NA,NA,NA,NA
2008,1,5,6,846,840,1004,1000,WN,157,N295WN,78,80,60,4,6,SMF,LAS,397,4,14,0,,0,NA,NA,NA,NA,NA
2008,1,5,6,1511,1450,1731,1700,WN,440,N301SW,260,250,245,31,21,STL,LAX,1593,6,9,0,,0,12,0,10,0,9
2008,1,5,6,1243,1240,1415,1420,WN,2118,N662SW,152,160,141,-5,3,TPA,MDW,997,4,7,0,,0,NA,NA,NA,NA,NA
2008,1,6,7,1923,1855,2159,2145,WN,580,N606SW,96,110,84,14,28,ABQ,MCI,718,4,8,0,,0,NA,NA,NA,NA,NA
2008,1,6,7,1705,1705,1759,1755,WN,1856,N413WN,54,50,37,4,0,AUS,HOU,148,4,13,0,,0,NA,NA,NA,NA,NA
2008,1,6,7,1547,1515,1653,1625,WN,1657,N365SW,66,70,49,28,32,BDL,BWI,283,2,15,0,,0,1,0,0,0,27
2008,1,6,7,1426,1415,1642,1635,WN,603,N602SW,76,80,64,7,11,BNA,RDU,443,3,9,0,,0,NA,NA,NA,NA,NA
2008,1,6,7,1841,1745,1952,1845,WN,2457,N634SW,71,60,42,67,56,BUR,LAS,223,13,16,0,,0,0,7,11,0,49
2008,1,6,7,1335,1325,1442,1430,WN,2621,N687SW,67,65,54,12,10,BWI,PVD,328,4,9,0,,0,NA,NA,NA,NA,NA
2008,1,6,7,1135,1140,1220,1230,WN,28,N510SW,45,50,36,-10,-5,CRP,HOU,187,3,6,0,,0,NA,NA,NA,NA,NA
2008,1,6,7,854,845,1417,1415,WN,992,N784SW,203,210,182,2,9,DEN,MCO,1545,9,12,0,,0,NA,NA,NA,NA,NA
2008,1,6,7,958,1000,1047,1055,WN,16,N390SW,49,55,40,-8,-2,HOU,DAL,239,4,5,0,,0,NA,NA,NA,NA,NA
2008,1,6,7,1355,1330,1451,1425,WN,30,N719SW,56,55,41,26,25,HOU,DAL,239,3,12,0,,0,0,0,1,0,25
2008,1,6,7,1023,1020,1146,1145,WN,2719,N764SW,83,85,59,1,3,LAS,RNO,345,5,19,0,,0,NA,NA,NA,NA,NA
2008,1,6,7,1712,1715,1943,1950,WN,297,N287WN,151,155,139,-7,-3,MCO,PHL,861,7,5,0,,0,NA,NA,NA,NA,NA
2008,1,6,7,1624,1620,1900,1920,WN,1484,N442WN,276,300,264,-20,4,MCO,PHX,1848,4,8,0,,0,NA,NA,NA,NA,NA
2008,1,6,7,1115,1115,1337,1330,WN,3170,N414WN,82,75,60,7,0,MDW,PIT,402,6,16,0,,0,NA,NA,NA,NA,NA
2008,1,6,7,630,630,911,855,WN,339,N441WN,281,265,265,16,0,MDW,SAN,1728,3,13,0,,0,0,0,16,0,0
2008,1,6,7,1603,1550,1718,1715,WN,2525,N431WN,75,85,61,3,13,OAK,SAN,446,3,11,0,,0,NA,NA,NA,NA,NA
2008,1,6,7,1650,1625,1816,1750,WN,303,N641SW,146,145,133,26,25,OKC,PHX,833,6,7,0,,0,0,0,1,0,25
2008,1,6,7,1030,1030,1138,1130,WN,991,N469WN,68,60,41,8,0,ONT,LAS,197,14,13,0,,0,NA,NA,NA,NA,NA
2008,1,6,7,1422,1410,1543,1525,WN,1409,N678AA,81,75,68,18,12,ONT,SMF,389,4,9,0,,0,0,0,6,12,0
2008,1,6,7,1205,1140,1329,1320,WN,1585,N780SW,84,100,74,9,25,PDX,OAK,543,4,6,0,,0,NA,NA,NA,NA,NA
2008,1,6,7,1050,1025,1642,1625,WN,3509,N261WN,232,240,218,17,25,PHX,MCO,1848,8,6,0,,0,16,0,0,0,1
2008,1,6,7,613,600,1011,1015,WN,2813,N698SW,178,195,164,-4,13,PHX,MDW,1444,4,10,0,,0,NA,NA,NA,NA,NA
2008,1,6,7,1027,1015,1308,1320,WN,221,N243WN,281,305,270,-12,12,RDU,PHX,1891,6,5,0,,0,NA,NA,NA,NA,NA
2008,1,6,7,1530,1520,1646,1620,WN,2101,N416WN,196,180,162,26,10,SAT,LAS,1069,7,27,0,,0,0,0,26,0,0
2008,1,6,7,1342,1345,1946,1935,WN,1189,N494WN,244,230,212,11,-3,SEA,MDW,1733,20,12,0,,0,NA,NA,NA,NA,NA
2008,1,6,7,704,700,842,845,WN,474,N311SW,98,105,82,-3,4,SEA,SMF,605,5,11,0,,0,NA,NA,NA,NA,NA
2008,1,6,7,1743,1740,1833,1840,WN,3136,N356SW,50,60,39,-7,3,TPA,FLL,197,2,9,0,,0,NA,NA,NA,NA,NA
2008,1,6,7,1143,1145,1330,1320,WN,407,N601WN,107,95,94,10,-2,TUL,HOU,453,5,8,0,,0,NA,NA,NA,NA,NA
2008,1,7,1,1319,1320,1501,1455,WN,61,N694SW,162,155,144,6,-1,ABQ,OAK,889,6,12,0,,0,NA,NA,NA,NA,NA
2008,1,7,1,1515,1515,1619,1630,WN,3046,N652SW,64,75,54,-11,0,ALB,BWI,288,2,8,0,,0,NA,NA,NA,NA,NA
2008,1,7,1,1217,1220,1316,1325,WN,223,N733SA,59,65,50,-9,-3,BHM,MSY,321,3,6,0,,0,NA,NA,NA,NA,NA
2008,1,7,1,843,845,1049,1055,WN,614,N786SW,126,130,113,-6,-2,BNA,HOU,670,4,9,0,,0,NA,NA,NA,NA,NA
2008,1,7,1,NA,1650,NA,1805,WN,1398,,NA,75,NA,NA,NA,BUR,OAK,325,NA,NA,1,A,0,NA,NA,NA,NA,NA
2008,1,7,1,1617,1610,1833,1835,WN,481,N439WN,76,85,63,-2,7,BUR,PHX,369,6,7,0,,0,NA,NA,NA,NA,NA
2008,1,7,1,1641,1645,1745,1755,WN,1774,N434WN,64,70,52,-10,-4,BWI,ALB,288,2,10,0,,0,NA,NA,NA,NA,NA
2008,1,7,1,859,840,1151,1140,WN,3141,N457WN,292,300,278,11,19,BWI,SLC,1864,5,9,0,,0,NA,NA,NA,NA,NA
2008,1,7,1,613,615,622,625,WN,184,N711HK,69,70,57,-3,-2,CMH,MDW,284,4,8,0,,0,NA,NA,NA,NA,NA
2008,1,7,1,619,620,708,710,WN,1486,N640SW,109,110,97,-2,-1,DAL,ABQ,580,4,8,0,,0,NA,NA,NA,NA,NA
2008,1,7,1,1114,1110,1334,1340,WN,515,N901WN,80,90,66,-6,4,DEN,MCI,533,5,9,0,,0,NA,NA,NA,NA,NA
2008,1,7,1,1830,1825,1939,1935,WN,1414,N460WN,129,130,109,4,5,ELP,LAX,714,8,12,0,,0,NA,NA,NA,NA,NA
2008,1,7,1,1011,1010,1122,1130,WN,237,N270WN,191,200,179,-8,1,HOU,LAS,1235,4,8,0,,0,NA,NA,NA,NA,NA
2008,1,7,1,630,630,730,730,WN,8,N528SW,60,60,48,0,0,HRL,HOU,276,5,7,0,,0,NA,NA,NA,NA,NA
2008,1,7,1,1734,1655,54,30,WN,302,N694SW,260,275,246,24,39,LAS,ALB,2237,3,11,0,,0,10,0,0,0,14
2008,1,7,1,828,830,1048,1050,WN,643,N784SW,80,80,59,-2,-2,LAS,SLC,368,7,14,0,,0,NA,NA,NA,NA,NA
2008,1,7,1,1705,1710,1939,1955,WN,230,N618WN,94,105,84,-16,-5,LAX,ABQ,677,5,5,0,,0,NA,NA,NA,NA,NA
2008,1,7,1,1621,1550,1924,1900,WN,438,N629SW,123,130,111,24,31,LIT,BWI,912,4,8,0,,0,0,0,0,0,24
2008,1,7,1,633,635,811,820,WN,1844,N332SW,218,225,199,-9,-2,MCI,LAX,1363,7,12,0,,0,NA,NA,NA,NA,NA
2008,1,7,1,626,625,718,720,WN,63,N708SA,52,55,37,-2,1,MCI,STL,237,5,10,0,,0,NA,NA,NA,NA,NA
2008,1,7,1,1827,1755,2013,1915,WN,581,N714CB,106,80,61,58,32,MDW,BNA,395,4,41,0,,0,0,32,26,0,0
2008,1,7,1,1316,1300,1545,1545,WN,208,N900WN,89,105,79,0,16,MDW,BWI,611,3,7,0,,0,NA,NA,NA,NA,NA
2008,1,7,1,1926,1755,2151,2010,WN,3249,N769SW,85,75,71,101,91,MDW,PIT,402,6,8,0,,0,0,0,101,0,0
2008,1,7,1,1323,1240,1550,1505,WN,299,N272WN,267,265,256,45,43,MDW,SAN,1728,3,8,0,,0,3,0,2,0,40
2008,1,7,1,2013,2015,2120,2120,WN,1150,N284WN,67,65,50,0,-2,OAK,BUR,325,8,9,0,,0,NA,NA,NA,NA,NA
2008,1,7,1,1004,1000,1110,1115,WN,2624,N374SW,66,75,53,-5,4,OAK,LAX,337,5,8,0,,0,NA,NA,NA,NA,NA
2008,1,7,1,839,845,944,1000,WN,991,N407WN,65,75,52,-16,-6,OAK,ONT,361,5,8,0,,0,NA,NA,NA,NA,NA
2008,1,7,1,1130,1125,1438,1415,WN,1686,N274WN,128,110,113,23,5,OAK,PHX,646,5,10,0,,0,0,0,23,0,0
2008,1,7,1,1000,1005,1109,1120,WN,256,N367SW,69,75,60,-11,-5,ONT,OAK,361,2,7,0,,0,NA,NA,NA,NA,NA
2008,1,7,1,1416,1420,1507,1510,WN,2362,N737JW,51,50,37,-3,-4,ORF,BWI,159,3,11,0,,0,NA,NA,NA,NA,NA
2008,1,7,1,1648,1600,1943,1910,WN,3409,N611SW,115,130,106,33,48,PHX,AUS,872,3,6,0,,0,6,0,0,0,27
2008,1,7,1,1300,1300,1402,1415,WN,1161,N491WN,62,75,53,-13,0,PVD,BWI,328,3,6,0,,0,NA,NA,NA,NA,NA
2008,1,7,1,607,610,719,725,WN,3250,N291WN,72,75,48,-6,-3,RNO,LAS,345,6,18,0,,0,NA,NA,NA,NA,NA
2008,1,7,1,2000,1925,2322,2300,WN,1158,N356SW,142,155,121,22,35,SEA,DEN,1024,6,15,0,,0,0,0,0,0,22
2008,1,7,1,655,635,1242,1230,WN,208,N900WN,227,235,209,12,20,SEA,MDW,1733,5,13,0,,0,NA,NA,NA,NA,NA
2008,1,7,1,705,710,829,840,WN,797,N720WN,84,90,50,-11,-5,SFO,LAX,337,13,21,0,,0,NA,NA,NA,NA,NA
2008,1,7,1,NA,1225,NA,1335,WN,1120,,NA,70,NA,NA,NA,SMF,BUR,358,NA,NA,1,A,0,NA,NA,NA,NA,NA
2008,1,7,1,1727,1730,1850,1855,WN,3159,N766SW,83,85,70,-5,-3,SNA,OAK,371,4,9,0,,0,NA,NA,NA,NA,NA
2008,1,7,1,1438,1440,1648,1650,WN,1745,N225WN,70,70,52,-2,-2,SNA,PHX,338,6,12,0,,0,NA,NA,NA,NA,NA
2008,1,7,1,747,740,841,840,WN,2126,N278WN,54,60,43,1,7,TUS,ABQ,321,4,7,0,,0,NA,NA,NA,NA,NA
2008,1,8,2,1846,1845,2138,2140,WN,1925,N507SW,112,115,98,-2,1,ABQ,HOU,759,3,11,0,,0,NA,NA,NA,NA,NA
2008,1,8,2,731,730,908,905,WN,912,N308SA,157,155,143,3,1,ABQ,OAK,889,3,11,0,,0,NA,NA,NA,NA,NA
2008,1,8,2,2042,2045,2213,2225,WN,2611,N604SW,91,100,79,-12,-3,BNA,MCI,491,5,7,0,,0,NA,NA,NA,NA,NA
2008,1,8,2,1811,1755,2043,2040,WN,1576,N208WN,92,105,81,3,16,BNA,TPA,612,4,7,0,,0,NA,NA,NA,NA,NA
2008,1,8,2,1746,1745,1841,1845,WN,2457,N764SW,55,60,42,-4,1,BUR,LAS,223,6,7,0,,0,NA,NA,NA,NA,NA
2008,1,8,2,2140,2140,2303,2250,WN,219,N421LV,83,70,64,13,0,BUR,OAK,325,5,14,0,,0,NA,NA,NA,NA,NA
2008,1,8,2,910,910,1039,1025,WN,450,N353SW,89,75,69,14,0,BUR,OAK,325,5,15,0,,0,NA,NA,NA,NA,NA
2008,1,8,2,1252,1250,1507,1520,WN,503,N388SW,135,150,122,-13,2,BWI,TPA,842,4,9,0,,0,NA,NA,NA,NA,NA
2008,1,8,2,2049,2050,2151,2200,WN,3409,N521SW,62,70,50,-9,-1,DAL,AMA,324,4,8,0,,0,NA,NA,NA,NA,NA
2008,1,8,2,1733,1720,1820,1810,WN,373,N501SW,47,50,38,10,13,DAL,AUS,189,3,6,0,,0,NA,NA,NA,NA,NA
2008,1,8,2,NA,1230,NA,1330,WN,25,,NA,60,NA,NA,NA,DAL,HOU,239,NA,NA,1,A,0,NA,NA,NA,NA,NA
2008,1,8,2,958,1000,1043,1045,WN,2358,N313SW,45,45,30,-2,-2,HOU,AUS,148,4,11,0,,0,NA,NA,NA,NA,NA
2008,1,8,2,1955,1955,2201,2225,WN,335,N224WN,126,150,114,-24,0,IAD,TPA,810,4,8,0,,0,NA,NA,NA,NA,NA
2008,1,8,2,644,645,748,755,WN,2189,N257WN,64,70,52,-7,-1,JAX,FLL,318,4,8,0,,0,NA,NA,NA,NA,NA
2008,1,8,2,2023,1820,236,55,WN,1924,N432WN,193,215,177,101,123,LAS,IND,1591,7,9,0,,0,0,0,0,0,101
2008,1,8,2,1813,1815,2333,2335,WN,2450,N257WN,200,200,178,-2,-2,LAS,MDW,1521,7,15,0,,0,NA,NA,NA,NA,NA
2008,1,8,2,1128,1130,1134,1135,WN,10,N660SW,66,65,57,-1,-2,MAF,ABQ,332,3,6,0,,0,NA,NA,NA,NA,NA
2008,1,8,2,1351,1350,1703,1710,WN,3320,N685SW,132,140,119,-7,1,MCI,BWI,967,4,9,0,,0,NA,NA,NA,NA,NA
2008,1,8,2,1626,1625,1853,1905,WN,1023,N754SW,147,160,138,-12,1,MCO,DTW,957,4,5,0,,0,NA,NA,NA,NA,NA
2008,1,8,2,819,820,954,1010,WN,658,N213WN,155,170,144,-16,-1,MCO,MDW,989,5,6,0,,0,NA,NA,NA,NA,NA
2008,1,8,2,1038,1040,1208,1205,WN,33,N528SW,90,85,78,3,-2,MDW,MCI,405,5,7,0,,0,NA,NA,NA,NA,NA
2008,1,8,2,1242,1245,1411,1410,WN,132,N515SW,89,85,76,1,-3,MDW,MCI,405,6,7,0,,0,NA,NA,NA,NA,NA
2008,1,8,2,1244,1245,1518,1540,WN,1842,N405WN,214,235,198,-22,-1,MDW,PHX,1444,7,9,0,,0,NA,NA,NA,NA,NA
2008,1,8,2,733,735,1009,1020,WN,220,N756SA,276,285,263,-11,-2,MDW,SJC,1838,4,9,0,,0,NA,NA,NA,NA,NA
2008,1,8,2,914,915,1051,1055,WN,286,N369SW,97,100,83,-4,-1,OAK,PDX,543,4,10,0,,0,NA,NA,NA,NA,NA
2008,1,8,2,1035,1040,1136,1145,WN,1916,N503SW,61,65,46,-9,-5,OKC,MCI,313,6,9,0,,0,NA,NA,NA,NA,NA
2008,1,8,2,1232,1240,1334,1350,WN,2964,N392SW,62,70,49,-16,-8,PHL,MHT,290,3,10,0,,0,NA,NA,NA,NA,NA
2008,1,8,2,626,615,731,730,WN,2637,N493WN,65,75,45,1,11,PHL,PIT,267,6,14,0,,0,NA,NA,NA,NA,NA
2008,1,8,2,1415,1410,1441,1435,WN,921,N795SW,86,85,72,6,5,PIT,MDW,402,7,7,0,,0,NA,NA,NA,NA,NA
2008,1,8,2,1922,1925,2047,2105,WN,393,N396SW,145,160,133,-18,-3,PVD,MDW,842,4,8,0,,0,NA,NA,NA,NA,NA
2008,1,8,2,1539,1520,1631,1620,WN,1516,N411WN,52,60,44,11,19,RDU,BWI,255,3,5,0,,0,NA,NA,NA,NA,NA
2008,1,8,2,2019,2025,2045,2055,WN,186,N448WN,86,90,73,-10,-6,SAT,ELP,496,7,6,0,,0,NA,NA,NA,NA,NA
2008,1,8,2,633,635,742,750,WN,2992,N771SA,69,75,58,-8,-2,SJC,SAN,417,2,9,0,,0,NA,NA,NA,NA,NA
2008,1,8,2,857,855,1016,1025,WN,3234,N431WN,79,90,62,-9,2,SLC,ABQ,493,4,13,0,,0,NA,NA,NA,NA,NA
2008,1,8,2,1807,1810,1918,1925,WN,908,N651SW,71,75,59,-7,-3,SMF,LAS,397,4,8,0,,0,NA,NA,NA,NA,NA
2008,1,8,2,1803,1800,1922,1925,WN,114,N349SW,79,85,67,-3,3,SMF,SAN,480,2,10,0,,0,NA,NA,NA,NA,NA
2008,1,8,2,1756,1800,1900,1905,WN,2794,N263WN,64,65,47,-5,-4,SNA,LAS,226,7,10,0,,0,NA,NA,NA,NA,NA
2008,1,8,2,911,915,1001,1015,WN,547,N528SW,50,60,37,-14,-4,STL,MDW,251,5,8,0,,0,NA,NA,NA,NA,NA
2008,1,8,2,1500,1505,1517,1530,WN,2093,N709SW,77,85,67,-13,-5,TPA,BHM,460,2,8,0,,0,NA,NA,NA,NA,NA
2008,1,9,3,1520,1520,1649,1700,WN,901,N368SW,89,100,78,-11,0,ABQ,SLC,493,4,7,0,,0,NA,NA,NA,NA,NA
2008,1,9,3,818,825,902,910,WN,2974,N454WN,44,45,32,-8,-7,AUS,HOU,148,3,9,0,,0,NA,NA,NA,NA,NA
2008,1,9,3,1033,1035,1143,1145,WN,2707,N252WN,70,70,56,-2,-2,BDL,BWI,283,3,11,0,,0,NA,NA,NA,NA,NA
2008,1,9,3,1950,1945,2232,2245,WN,452,N376SW,162,180,150,-13,5,BDL,MCO,1050,4,8,0,,0,NA,NA,NA,NA,NA
2008,1,9,3,1100,1100,1156,1205,WN,1171,N606SW,56,65,45,-9,0,BUR,LAS,223,5,6,0,,0,NA,NA,NA,NA,NA
2008,1,9,3,1650,1650,1754,1805,WN,1398,N255WN,64,75,53,-11,0,BUR,OAK,325,4,7,0,,0,NA,NA,NA,NA,NA
2008,1,9,3,2114,2115,2323,2330,WN,325,N206WN,69,75,57,-7,-1,BUR,PHX,369,5,7,0,,0,NA,NA,NA,NA,NA
2008,1,9,3,1339,1340,1442,1450,WN,323,N371SW,63,70,49,-8,-1,BWI,ALB,288,2,12,0,,0,NA,NA,NA,NA,NA
2008,1,9,3,1852,1855,2003,2015,WN,1143,N757LV,71,80,56,-12,-3,BWI,CMH,336,4,11,0,,0,NA,NA,NA,NA,NA
2008,1,9,3,832,825,946,940,WN,726,N698SW,74,75,60,6,7,BWI,MHT,377,3,11,0,,0,NA,NA,NA,NA,NA
2008,1,9,3,2034,2040,2136,2140,WN,2553,N387SW,62,60,47,-4,-6,DAL,SAT,248,3,12,0,,0,NA,NA,NA,NA,NA
2008,1,9,3,1616,1620,1845,1850,WN,2803,N768SW,149,150,132,-5,-4,LAS,GEG,806,3,14,0,,0,NA,NA,NA,NA,NA
2008,1,9,3,2136,2125,2304,2255,WN,900,N446WN,88,90,69,9,11,LAS,OAK,407,8,11,0,,0,NA,NA,NA,NA,NA
2008,1,9,3,850,850,1424,1440,WN,224,N463WN,214,230,202,-16,0,LAX,MDW,1750,5,7,0,,0,NA,NA,NA,NA,NA
2008,1,9,3,1956,1955,2108,2115,WN,593,N402WN,72,80,56,-7,1,LAX,SFO,337,5,11,0,,0,NA,NA,NA,NA,NA
2008,1,9,3,1349,1350,1511,1510,WN,2985,N700GS,82,80,70,1,-1,LAX,SMF,373,4,8,0,,0,NA,NA,NA,NA,NA
2008,1,9,3,1136,1140,1350,1405,WN,829,N237WN,134,145,120,-15,-4,MCO,IND,828,7,7,0,,0,NA,NA,NA,NA,NA
2008,1,9,3,615,615,813,815,WN,950,N707SA,58,60,44,-2,0,MDW,CMH,284,3,11,0,,0,NA,NA,NA,NA,NA
2008,1,9,3,1019,1010,1139,1135,WN,752,N359SW,80,85,67,4,9,OAK,LAS,407,6,7,0,,0,NA,NA,NA,NA,NA
2008,1,9,3,844,845,950,1000,WN,991,N766SW,66,75,52,-10,-1,OAK,ONT,361,5,9,0,,0,NA,NA,NA,NA,NA
2008,1,9,3,1451,1455,1544,1555,WN,239,N324SW,53,60,40,-11,-4,ONT,LAS,197,4,9,0,,0,NA,NA,NA,NA,NA
2008,1,9,3,1002,1005,1116,1120,WN,256,N315SW,74,75,64,-4,-3,ONT,OAK,361,5,5,0,,0,NA,NA,NA,NA,NA
2008,1,9,3,1410,1410,1529,1525,WN,1409,N671SW,79,75,70,4,0,ONT,SMF,389,4,5,0,,0,NA,NA,NA,NA,NA
2008,1,9,3,835,835,1007,1000,WN,2293,N482WN,92,85,63,7,0,PHL,RDU,336,3,26,0,,0,NA,NA,NA,NA,NA
2008,1,9,3,630,630,757,810,WN,118,N266WN,147,160,132,-13,0,PVD,MDW,842,6,9,0,,0,NA,NA,NA,NA,NA
2008,1,9,3,1720,1725,1919,1940,WN,563,N705SW,299,315,286,-21,-5,RDU,LAS,2027,5,8,0,,0,NA,NA,NA,NA,NA
2008,1,9,3,1005,1005,1056,1105,WN,732,N749SW,51,60,42,-9,0,SJC,BUR,296,2,7,0,,0,NA,NA,NA,NA,NA
2008,1,9,3,1552,1555,1702,1710,WN,1413,N429WN,70,75,60,-8,-3,SNA,SJC,342,3,7,0,,0,NA,NA,NA,NA,NA
2008,1,9,3,1936,1940,2031,2040,WN,3168,N523SW,55,60,40,-9,-4,STL,MDW,251,5,10,0,,0,NA,NA,NA,NA,NA
2008,1,9,3,956,1000,1225,1230,WN,101,N222WN,149,150,136,-5,-4,TPA,ISP,1034,3,10,0,,0,NA,NA,NA,NA,NA
2008,1,9,3,1127,1130,1349,1400,WN,3311,N455WN,142,150,130,-11,-3,TPA,ISP,1034,3,9,0,,0,NA,NA,NA,NA,NA
2008,1,9,3,1735,1740,1832,1840,WN,51,N361SW,57,60,45,-8,-5,TUL,DAL,237,4,8,0,,0,NA,NA,NA,NA,NA
2008,1,9,3,644,645,712,720,WN,2561,N293,88,95,72,-8,-1,TUS,LAX,451,7,9,0,,0,NA,NA,NA,NA,NA
2008,1,10,4,1524,1520,1556,1555,WN,2284,N729SW,92,95,76,1,4,ABQ,LAS,487,2,14,0,,0,NA,NA,NA,NA,NA
2008,1,10,4,632,635,811,820,WN,437,N283WN,99,105,84,-9,-3,BHM,MDW,570,4,11,0,,0,NA,NA,NA,NA,NA
2008,1,10,4,934,915,1151,1145,WN,1592,N343SW,77,90,67,6,19,BNA,DTW,457,3,7,0,,0,NA,NA,NA,NA,NA
2008,1,10,4,1805,1805,1916,1915,WN,623,N267WN,131,130,114,1,0,BWI,BHM,682,3,14,0,,0,NA,NA,NA,NA,NA
2008,1,10,4,2101,2100,2155,2200,WN,435,N339SW,114,120,96,-5,1,BWI,BNA,588,4,14,0,,0,NA,NA,NA,NA,NA
2008,1,10,4,739,740,830,830,WN,906,N634SW,51,50,37,0,-1,DAL,AUS,189,4,10,0,,0,NA,NA,NA,NA,NA
2008,1,10,4,1924,1925,2027,2025,WN,397,N243WN,63,60,46,2,-1,DAL,LIT,296,5,12,0,,0,NA,NA,NA,NA,NA
2008,1,10,4,948,950,1116,1125,WN,87,N330SW,88,95,74,-9,-2,DAL,STL,546,8,6,0,,0,NA,NA,NA,NA,NA
2008,1,10,4,626,625,658,705,WN,2358,N311SW,92,100,79,-7,1,DTW,STL,440,3,10,0,,0,NA,NA,NA,NA,NA
2008,1,10,4,1650,1650,1923,1920,WN,523,N615SW,153,150,133,3,0,FLL,BWI,925,5,15,0,,0,NA,NA,NA,NA,NA
2008,1,10,4,1401,1400,1500,1500,WN,3399,N649SW,59,60,36,0,1,FLL,TPA,197,3,20,0,,0,NA,NA,NA,NA,NA
2008,1,10,4,2012,1910,2117,2025,WN,823,N416WN,125,135,114,52,62,HOU,ABQ,759,3,8,0,,0,2,0,0,0,50
2008,1,10,4,823,825,915,915,WN,1,N505SW,52,50,40,0,-2,HOU,CRP,187,4,8,0,,0,NA,NA,NA,NA,NA
2008,1,10,4,1829,1830,1922,1930,WN,56,N523SW,53,60,44,-8,-1,HRL,HOU,276,3,6,0,,0,NA,NA,NA,NA,NA
2008,1,10,4,1239,1240,1804,1810,WN,419,N432WN,205,210,183,-6,-1,LAS,BNA,1588,5,17,0,,0,NA,NA,NA,NA,NA
2008,1,10,4,857,855,1001,1000,WN,574,N626SW,64,65,46,1,2,LAX,LAS,236,4,14,0,,0,NA,NA,NA,NA,NA
2008,1,10,4,624,625,724,730,WN,1669,N462WN,60,65,48,-6,-1,LAX,LAS,236,4,8,0,,0,NA,NA,NA,NA,NA
2008,1,10,4,1426,1425,1532,1530,WN,1609,N637SW,66,65,56,2,1,LAX,SJC,308,4,6,0,,0,NA,NA,NA,NA,NA
2008,1,10,4,722,725,845,900,WN,11,N753SW,83,95,74,-15,-3,MCI,DAL,461,3,6,0,,0,NA,NA,NA,NA,NA
2008,1,10,4,1015,1015,1114,1115,WN,1413,N252WN,119,120,103,-1,0,MCO,BNA,616,5,11,0,,0,NA,NA,NA,NA,NA
2008,1,10,4,625,630,720,725,WN,3846,N275WN,115,115,98,-5,-5,MCO,BNA,616,5,12,0,,0,NA,NA,NA,NA,NA
2008,1,10,4,1503,1445,1719,1720,WN,443,N288WN,136,155,127,-1,18,MCO,BUF,1011,3,6,0,,0,NA,NA,NA,NA,NA
2008,1,10,4,2027,2030,2243,2255,WN,121,N444WN,136,145,123,-12,-3,MCO,ISP,972,3,10,0,,0,NA,NA,NA,NA,NA
2008,1,10,4,1554,1550,1810,1815,WN,630,N261WN,136,145,123,-5,4,MCO,ISP,972,3,10,0,,0,NA,NA,NA,NA,NA
2008,1,10,4,1650,1610,1736,1705,WN,186,N359SW,106,115,92,31,40,MCO,JAN,587,4,10,0,,0,31,0,0,0,0
2008,1,10,4,1623,1620,1823,1825,WN,1685,N342SW,60,65,48,-2,3,MDW,CMH,284,3,9,0,,0,NA,NA,NA,NA,NA
2008,1,10,4,2136,2125,2331,2325,WN,3915,N504SW,55,60,35,6,11,MDW,DTW,229,4,16,0,,0,NA,NA,NA,NA,NA
2008,1,10,4,1849,1845,2044,2045,WN,405,N514SW,115,120,103,-1,4,MDW,JAN,666,2,10,0,,0,NA,NA,NA,NA,NA
2008,1,10,4,700,700,827,825,WN,2544,N449WN,87,85,65,2,0,MDW,OMA,423,4,18,0,,0,NA,NA,NA,NA,NA
2008,1,10,4,1758,1750,1939,1925,WN,2888,N345SA,161,155,147,14,8,MHT,MDW,838,5,9,0,,0,NA,NA,NA,NA,NA
2008,1,10,4,1850,1840,2002,1950,WN,1950,N349SW,72,70,57,12,10,MSY,HOU,303,3,12,0,,0,NA,NA,NA,NA,NA
2008,1,10,4,624,625,756,820,WN,1069,N683SW,152,175,135,-24,-1,OMA,PHX,1037,6,11,0,,0,NA,NA,NA,NA,NA
2008,1,10,4,709,710,827,830,WN,2987,N725SW,78,80,66,-3,-1,ONT,OAK,361,5,7,0,,0,NA,NA,NA,NA,NA
2008,1,10,4,728,635,811,725,WN,3778,N439WN,43,50,34,46,53,PBI,TPA,174,3,6,0,,0,46,0,0,0,0
2008,1,10,4,620,620,846,915,WN,2985,N767SW,146,175,129,-29,0,PHL,TPA,920,3,14,0,,0,NA,NA,NA,NA,NA
2008,1,10,4,1446,1445,2048,2055,WN,1686,N209WN,242,250,220,-7,1,PHX,BWI,1999,7,15,0,,0,NA,NA,NA,NA,NA
2008,1,10,4,1320,1320,1507,1505,WN,2039,N676SW,107,105,85,2,0,PHX,DEN,602,5,17,0,,0,NA,NA,NA,NA,NA
2008,1,10,4,1016,1020,1110,1115,WN,1144,N726SW,114,115,93,-5,-4,PHX,RNO,601,4,17,0,,0,NA,NA,NA,NA,NA
2008,1,10,4,1221,1220,1324,1325,WN,2976,N551WN,123,125,108,-1,1,PHX,SJC,621,6,9,0,,0,NA,NA,NA,NA,NA
2008,1,10,4,1336,1340,1447,1500,WN,1338,N282WN,71,80,59,-13,-4,PVD,PHL,238,4,8,0,,0,NA,NA,NA,NA,NA
2008,1,10,4,1611,1605,1710,1725,WN,2730,N253WN,239,260,225,-15,6,SDF,LAS,1624,4,10,0,,0,NA,NA,NA,NA,NA
2008,1,10,4,1000,1005,1207,1220,WN,928,N361SW,67,75,55,-13,-5,STL,CMH,410,2,10,0,,0,NA,NA,NA,NA,NA
2008,1,10,4,1959,1950,2237,2235,WN,1505,N328SW,158,165,144,2,9,TPA,PVD,1137,2,12,0,,0,NA,NA,NA,NA,NA
2008,1,10,4,1533,1535,1635,1635,WN,574,N626SW,62,60,38,0,-2,TUL,DAL,237,3,21,0,,0,NA,NA,NA,NA,NA
2008,1,11,5,1005,1005,1053,1055,WN,1001,N734SA,48,50,37,-2,0,ABQ,ELP,223,3,8,0,,0,NA,NA,NA,NA,NA
2008,1,11,5,1107,1110,1300,1305,WN,112,N511SW,113,115,99,-5,-3,BHM,DAL,587,3,11,0,,0,NA,NA,NA,NA,NA
2008,1,11,5,1623,1520,1725,1625,WN,1328,N313SW,62,65,52,60,63,BUR,SJC,296,3,7,0,,0,60,0,0,0,0
2008,1,11,5,2016,2015,2120,2125,WN,881,N785SW,64,70,51,-5,1,BWI,CLE,314,6,7,0,,0,NA,NA,NA,NA,NA
2008,1,11,5,1601,1600,1654,1700,WN,39,N514SW,53,60,42,-6,1,DAL,HOU,239,2,9,0,,0,NA,NA,NA,NA,NA
2008,1,11,5,1229,1230,1345,1345,WN,2094,N311SW,76,75,63,0,-1,ELP,PHX,347,5,8,0,,0,NA,NA,NA,NA,NA
2008,1,11,5,1941,1930,2034,2025,WN,54,N292WN,53,55,42,9,11,HOU,DAL,239,3,8,0,,0,NA,NA,NA,NA,NA
2008,1,11,5,744,750,942,955,WN,2272,N273WN,118,125,101,-13,-6,JAX,IND,688,8,9,0,,0,NA,NA,NA,NA,NA
2008,1,11,5,1633,1630,1757,1740,WN,2284,N733SA,84,70,48,17,3,LAS,BUR,223,2,34,0,,0,0,0,17,0,0
2008,1,11,5,1052,1045,1823,1835,WN,1285,N713SW,271,290,245,-12,7,LAS,PHL,2176,12,14,0,,0,NA,NA,NA,NA,NA
2008,1,11,5,2120,2125,2219,2225,WN,2211,N692SW,59,60,44,-6,-5,LAS,SAN,258,3,12,0,,0,NA,NA,NA,NA,NA
2008,1,11,5,1314,1320,1520,1535,WN,1918,N343SW,66,75,49,-15,-6,LAS,TUS,365,4,13,0,,0,NA,NA,NA,NA,NA
2008,1,11,5,1934,1935,20,35,WN,3394,N662SW,166,180,153,-15,-1,LAX,HOU,1390,3,10,0,,0,NA,NA,NA,NA,NA
2008,1,11,5,1014,1015,1115,1120,WN,1079,N344SW,61,65,48,-5,-1,LAX,LAS,236,4,9,0,,0,NA,NA,NA,NA,NA
2008,1,11,5,1457,1455,1557,1600,WN,173,N349SW,60,65,53,-3,2,LAX,SJC,308,2,5,0,,0,NA,NA,NA,NA,NA
2008,1,11,5,1506,1505,1620,1620,WN,2720,N603SW,74,75,63,0,1,LAX,SMF,373,4,7,0,,0,NA,NA,NA,NA,NA
2008,1,11,5,700,705,809,820,WN,539,N632SW,69,75,58,-11,-5,MAF,HOU,441,3,8,0,,0,NA,NA,NA,NA,NA
2008,1,11,5,628,630,729,720,WN,1235,N390SW,121,110,90,9,-2,MCI,DEN,533,7,24,0,,0,NA,NA,NA,NA,NA
2008,1,11,5,612,615,745,735,WN,424,N655WN,93,80,66,10,-3,MCI,MDW,405,4,23,0,,0,NA,NA,NA,NA,NA
2008,1,11,5,1651,1645,1946,1920,WN,365,N352SW,175,155,164,26,6,MCO,BDL,1050,5,6,0,,0,0,0,20,0,6
2008,1,11,5,1050,1055,1313,1335,WN,399,N291WN,143,160,133,-22,-5,MCO,DTW,957,4,6,0,,0,NA,NA,NA,NA,NA
2008,1,11,5,2024,2030,2236,2255,WN,121,N255WN,132,145,121,-19,-6,MCO,ISP,972,4,7,0,,0,NA,NA,NA,NA,NA
2008,1,11,5,905,910,1101,1115,WN,1008,N708SA,176,185,160,-14,-5,MDW,ABQ,1121,4,12,0,,0,NA,NA,NA,NA,NA
2008,1,11,5,1358,1400,1604,1630,WN,3149,N443WN,246,270,228,-26,-2,MDW,LAX,1750,8,10,0,,0,NA,NA,NA,NA,NA
2008,1,11,5,1808,1810,2045,2125,WN,3402,N419WN,97,135,87,-40,-2,OAK,TUS,747,3,7,0,,0,NA,NA,NA,NA,NA
2008,1,11,5,634,635,720,725,WN,3778,N262WN,46,50,33,-5,-1,PBI,TPA,174,3,10,0,,0,NA,NA,NA,NA,NA
2008,1,11,5,818,815,920,915,WN,491,N349SW,62,60,46,5,3,PDX,GEG,279,3,13,0,,0,NA,NA,NA,NA,NA
2008,1,11,5,1149,1145,1234,1235,WN,2176,N503SW,45,50,29,-1,4,SAT,HOU,192,3,13,0,,0,NA,NA,NA,NA,NA
2008,1,11,5,1537,1540,1732,1745,WN,3402,N419WN,115,125,93,-13,-3,SEA,OAK,671,13,9,0,,0,NA,NA,NA,NA,NA
2008,1,11,5,2132,2105,2259,2230,WN,102,N693SW,87,85,73,29,27,SMF,PDX,479,5,9,0,,0,0,0,2,0,27
2008,1,11,5,1919,1920,2037,2045,WN,1395,N388SW,78,85,67,-8,-1,SMF,SAN,480,2,9,0,,0,NA,NA,NA,NA,NA
2008,1,11,5,1943,1945,2145,2150,WN,982,N700GS,122,125,108,-5,-2,STL,HOU,687,5,9,0,,0,NA,NA,NA,NA,NA
2008,1,11,5,1610,1610,1810,1820,WN,394,N793SA,120,130,106,-10,0,TPA,BWI,842,7,7,0,,0,NA,NA,NA,NA,NA
2008,1,11,5,1000,1000,1252,1230,WN,101,N247WN,172,150,158,22,0,TPA,ISP,1034,3,11,0,,0,0,0,22,0,0
2008,1,11,5,1153,1155,1236,1245,WN,629,N672SW,43,50,31,-9,-2,TPA,JAX,180,6,6,0,,0,NA,NA,NA,NA,NA
2008,1,12,6,2100,2105,2212,2230,WN,941,N619SW,72,85,60,-18,-5,BNA,MDW,395,3,9,0,,0,NA,NA,NA,NA,NA
2008,1,12,6,855,825,955,930,WN,171,N611SW,60,65,49,25,30,BUF,BWI,281,4,7,0,,0,25,0,0,0,0
2008,1,12,6,1801,1805,1858,1915,WN,623,N276WN,117,130,107,-17,-4,BWI,BHM,682,2,8,0,,0,NA,NA,NA,NA,NA
2008,1,12,6,1531,1530,1627,1640,WN,257,N712SW,56,70,45,-13,1,BWI,PVD,328,3,8,0,,0,NA,NA,NA,NA,NA
2008,1,12,6,742,745,843,855,WN,2355,N752SW,61,70,46,-12,-3,BWI,PVD,328,6,9,0,,0,NA,NA,NA,NA,NA
2008,1,12,6,910,915,919,935,WN,29,N631SW,69,80,54,-16,-5,CLE,MDW,307,4,11,0,,0,NA,NA,NA,NA,NA
2008,1,12,6,1352,1345,1635,1645,WN,1856,N213WN,103,120,91,-10,7,DEN,AUS,775,3,9,0,,0,NA,NA,NA,NA,NA
2008,1,12,6,1702,1635,2211,2200,WN,759,N775SW,189,205,178,11,27,DEN,MCO,1545,3,8,0,,0,NA,NA,NA,NA,NA
2008,1,12,6,706,705,847,905,WN,2011,N737JW,161,180,142,-18,1,FLL,HOU,957,3,16,0,,0,NA,NA,NA,NA,NA
2008,1,12,6,1636,1540,1741,1640,WN,549,N442WN,65,60,48,61,56,FLL,TPA,197,5,12,0,,0,56,0,5,0,0
2008,1,12,6,1452,1455,1747,1755,WN,29,N631SW,115,120,101,-8,-3,HOU,TPA,781,5,9,0,,0,NA,NA,NA,NA,NA
2008,1,12,6,814,815,1002,1040,WN,2622,N495WN,288,325,276,-38,-1,IAD,LAS,2066,4,8,0,,0,NA,NA,NA,NA,NA
2008,1,12,6,1300,1305,1352,1410,WN,300,N743SW,52,65,38,-18,-5,LAS,SNA,226,5,9,0,,0,NA,NA,NA,NA,NA
2008,1,12,6,806,805,1259,1310,WN,1513,N304SW,173,185,162,-11,1,LAX,HOU,1390,3,8,0,,0,NA,NA,NA,NA,NA
2008,1,12,6,1421,1425,1521,1530,WN,2211,N240WN,60,65,51,-9,-4,LAX,SJC,308,3,6,0,,0,NA,NA,NA,NA,NA
2008,1,12,6,1741,1745,1908,1910,WN,426,N686SW,87,85,70,-2,-4,MSY,DAL,437,3,14,0,,0,NA,NA,NA,NA,NA
2008,1,12,6,901,905,1009,1015,WN,2089,N506SW,68,70,56,-6,-4,MSY,HOU,303,2,10,0,,0,NA,NA,NA,NA,NA
2008,1,12,6,1431,1430,1544,1550,WN,59,N437WN,73,80,59,-6,1,OAK,SNA,371,3,11,0,,0,NA,NA,NA,NA,NA
2008,1,12,6,659,700,1020,1035,WN,3333,N426WN,141,155,127,-15,-1,PDX,PHX,1009,5,9,0,,0,NA,NA,NA,NA,NA
2008,1,12,6,1613,1610,1640,1630,WN,2812,N622SW,87,80,67,10,3,PHX,LAX,370,9,11,0,,0,NA,NA,NA,NA,NA
2008,1,12,6,1235,1235,1524,1540,WN,940,N251WN,109,125,97,-16,0,PHX,OKC,833,4,8,0,,0,NA,NA,NA,NA,NA
2008,1,12,6,2011,1940,NA,1945,WN,359,N682SW,NA,65,NA,NA,31,PHX,SAN,304,NA,15,0,,1,NA,NA,NA,NA,NA
2008,1,12,6,1931,1935,2129,2145,WN,2361,N338SW,178,190,169,-16,-4,PHX,SEA,1107,4,5,0,,0,NA,NA,NA,NA,NA
2008,1,12,6,1656,1645,1747,1745,WN,269,N674AA,51,60,41,2,11,RDU,BWI,255,3,7,0,,0,NA,NA,NA,NA,NA
2008,1,12,6,1120,1050,1659,1640,WN,1021,N492WN,219,230,201,19,30,RNO,MDW,1680,6,12,0,,0,2,0,0,0,17
2008,1,12,6,1208,1210,1329,1330,WN,240,N644SW,81,80,67,-1,-2,SAN,SJC,417,3,11,0,,0,NA,NA,NA,NA,NA
2008,1,12,6,845,845,944,945,WN,254,N463WN,59,60,43,-1,0,SJC,BUR,296,9,7,0,,0,NA,NA,NA,NA,NA
2008,1,12,6,1358,1355,1517,1515,WN,696,N315SW,79,80,59,2,3,SLC,DEN,391,5,15,0,,0,NA,NA,NA,NA,NA
2008,1,12,6,926,925,1009,1015,WN,2556,N608SW,103,110,88,-6,1,TPA,BNA,612,5,10,0,,0,NA,NA,NA,NA,NA
2008,1,13,7,1305,1305,1445,1500,WN,1945,N341SW,160,175,145,-15,0,BWI,MCI,967,6,9,0,,0,NA,NA,NA,NA,NA
2008,1,13,7,1946,1905,2057,2020,WN,3134,N678AA,71,75,57,37,41,BWI,MHT,377,3,11,0,,0,4,0,0,0,33
2008,1,13,7,836,840,918,925,WN,3056,N641SW,42,45,29,-7,-4,HOU,AUS,148,6,7,0,,0,NA,NA,NA,NA,NA
2008,1,13,7,1554,1550,1653,1650,WN,33,N360SW,59,60,48,3,4,HOU,HRL,276,3,8,0,,0,NA,NA,NA,NA,NA
2008,1,13,7,645,650,848,900,WN,102,N456WN,123,130,99,-12,-5,JAX,PHL,742,15,9,0,,0,NA,NA,NA,NA,NA
2008,1,13,7,817,820,929,945,WN,1079,N662SW,72,85,60,-16,-3,LAS,SJC,386,4,8,0,,0,NA,NA,NA,NA,NA
2008,1,13,7,1513,1500,1611,1605,WN,444,N232WN,58,65,44,6,13,LAX,LAS,236,4,10,0,,0,NA,NA,NA,NA,NA
2008,1,13,7,1430,1350,1642,1605,WN,1573,N901WN,72,75,62,37,40,LAX,PHX,370,6,4,0,,0,0,0,0,31,6
2008,1,13,7,900,905,903,905,WN,564,N515SW,63,60,47,-2,-5,LBB,ELP,295,8,8,0,,0,NA,NA,NA,NA,NA
2008,1,13,7,1638,1615,1834,1820,WN,3256,N270WN,116,125,99,14,23,MCO,BWI,787,5,12,0,,0,NA,NA,NA,NA,NA
2008,1,13,7,1646,1645,1826,1820,WN,3685,N727SW,100,95,83,6,1,MHT,BWI,377,3,14,0,,0,NA,NA,NA,NA,NA
2008,1,13,7,1812,1815,12,10,WN,195,N902WN,240,235,220,2,-3,OAK,MDW,1844,5,15,0,,0,NA,NA,NA,NA,NA
2008,1,13,7,1921,1845,2114,2050,WN,3951,N682SW,113,125,101,24,36,OAK,SEA,671,3,9,0,,0,11,0,0,0,13
2008,1,13,7,1811,1815,1927,1935,WN,2011,N661SW,76,80,63,-8,-4,OKC,HOU,419,5,8,0,,0,NA,NA,NA,NA,NA
2008,1,13,7,843,845,958,1010,WN,1751,N705SW,75,85,63,-12,-2,PDX,SMF,479,3,9,0,,0,NA,NA,NA,NA,NA
2008,1,13,7,957,955,1142,1140,WN,613,N694SW,105,105,88,2,2,PHX,DEN,602,5,12,0,,0,NA,NA,NA,NA,NA
2008,1,13,7,1720,1650,1748,1720,WN,1640,N624SW,88,90,78,28,30,SAT,ELP,496,3,7,0,,0,0,0,0,0,28
2008,1,13,7,1323,1320,1515,1520,WN,809,N411WN,112,120,95,-5,3,SEA,OAK,671,6,11,0,,0,NA,NA,NA,NA,NA
2008,1,13,7,1213,1215,1304,1320,WN,3861,N448WN,111,125,96,-16,-2,SLC,PDX,630,4,11,0,,0,NA,NA,NA,NA,NA
2008,1,13,7,1241,1225,1409,1400,WN,1056,N637SW,88,95,72,9,16,SLC,PHX,507,9,7,0,,0,NA,NA,NA,NA,NA
2008,1,13,7,1630,1620,1740,1740,WN,3493,N204WN,70,80,55,0,10,SMF,LAX,373,8,7,0,,0,NA,NA,NA,NA,NA
2008,1,13,7,2152,2155,2300,2310,WN,1917,N211WN,68,75,58,-10,-3,SMF,ONT,389,3,7,0,,0,NA,NA,NA,NA,NA
2008,1,13,7,1140,1145,1305,1315,WN,179,N365SW,85,90,75,-10,-5,STL,OKC,462,3,7,0,,0,NA,NA,NA,NA,NA
2008,1,13,7,2026,2030,2108,2120,WN,1160,N429WN,102,110,87,-12,-4,TPA,BNA,612,7,8,0,,0,NA,NA,NA,NA,NA
2008,1,14,1,1646,1645,1803,1810,WN,2610,N475WN,77,85,62,-7,1,ABQ,DEN,349,9,6,0,,0,NA,NA,NA,NA,NA
2008,1,14,1,1202,1205,1308,1320,WN,3406,N723SW,66,75,54,-12,-3,ABQ,PHX,328,4,8,0,,0,NA,NA,NA,NA,NA
2008,1,14,1,1437,1440,1937,1950,WN,1309,N756SA,180,190,167,-13,-3,ABQ,TPA,1497,4,9,0,,0,NA,NA,NA,NA,NA
2008,1,14,1,1348,1350,1439,1440,WN,1344,N719SW,51,50,39,-1,-2,AUS,DAL,189,4,8,0,,0,NA,NA,NA,NA,NA
2008,1,14,1,1800,1805,1832,1845,WN,889,N484WN,92,100,80,-13,-5,BOI,LAS,520,5,7,0,,0,NA,NA,NA,NA,NA
2008,1,14,1,1121,1120,1225,1225,WN,1759,N243WN,64,65,50,0,1,BWI,ALB,288,3,11,0,,0,NA,NA,NA,NA,NA
2008,1,14,1,1531,1535,1619,1625,WN,2980,N646SW,48,50,36,-6,-4,DAL,AUS,189,5,7,0,,0,NA,NA,NA,NA,NA
2008,1,14,1,1057,1100,1152,1200,WN,19,N314SW,55,60,44,-8,-3,DAL,HOU,239,2,9,0,,0,NA,NA,NA,NA,NA
2008,1,14,1,1821,1825,1914,1915,WN,43,N351SW,53,50,39,-1,-4,HOU,CRP,187,4,10,0,,0,NA,NA,NA,NA,NA
2008,1,14,1,1528,1530,1621,1625,WN,38,N687SW,53,55,42,-4,-2,HOU,DAL,239,3,8,0,,0,NA,NA,NA,NA,NA
2008,1,14,1,1831,1830,1925,1925,WN,50,N658SW,54,55,42,0,1,HOU,DAL,239,5,7,0,,0,NA,NA,NA,NA,NA
2008,1,14,1,955,1000,1253,1310,WN,7,N619SW,118,130,99,-17,-5,HOU,MCO,848,7,12,0,,0,NA,NA,NA,NA,NA
2008,1,14,1,908,910,1615,1615,WN,1590,N736SA,247,245,231,0,-2,LAS,PIT,1910,5,11,0,,0,NA,NA,NA,NA,NA
2008,1,14,1,2233,2235,2343,2350,WN,712,N765SW,70,75,56,-7,-2,LAS,RNO,345,6,8,0,,0,NA,NA,NA,NA,NA
2008,1,14,1,1200,1205,1416,1430,WN,2189,N493WN,136,145,120,-14,-5,MCO,ISP,972,5,11,0,,0,NA,NA,NA,NA,NA
2008,1,14,1,2104,2040,2227,2155,WN,3339,N301SW,83,75,59,32,24,MDW,BNA,395,5,19,0,,0,7,0,8,0,17
2008,1,14,1,1139,1005,1326,1140,WN,3398,N731SA,107,95,71,106,94,MHT,BWI,377,12,24,0,,0,93,0,12,0,1
2008,1,14,1,1226,1230,1358,1355,WN,1375,N506SW,92,85,69,3,-4,MHT,PHL,290,10,13,0,,0,NA,NA,NA,NA,NA
2008,1,14,1,630,635,726,745,WN,807,N498WN,56,70,47,-19,-5,OAK,BUR,325,2,7,0,,0,NA,NA,NA,NA,NA
2008,1,14,1,639,640,830,845,WN,459,N677AA,111,125,98,-15,-1,OAK,SEA,671,4,9,0,,0,NA,NA,NA,NA,NA
2008,1,14,1,629,630,750,755,WN,721,N716SW,81,85,62,-5,-1,OAK,SNA,371,9,10,0,,0,NA,NA,NA,NA,NA
2008,1,14,1,1746,1745,1948,1950,WN,1117,N394SW,62,65,53,-2,1,RNO,BOI,335,3,6,0,,0,NA,NA,NA,NA,NA
2008,1,14,1,1827,1830,1932,1940,WN,3771,N903WN,65,70,51,-8,-3,RNO,LAS,345,4,10,0,,0,NA,NA,NA,NA,NA
2008,1,14,1,1007,1000,1259,1245,WN,3419,N350SW,112,105,96,14,7,SAN,ABQ,628,3,13,0,,0,NA,NA,NA,NA,NA
2008,1,14,1,1556,1555,1649,1650,WN,1536,N462WN,53,55,35,-1,1,SEA,GEG,224,3,15,0,,0,NA,NA,NA,NA,NA
2008,1,14,1,1814,1815,1939,1940,WN,2283,N772SW,85,85,65,-1,-1,SFO,LAS,414,4,16,0,,0,NA,NA,NA,NA,NA
2008,1,14,1,859,905,1022,1035,WN,338,N205WN,83,90,52,-13,-6,SFO,LAX,337,9,22,0,,0,NA,NA,NA,NA,NA
2008,1,14,1,1900,1905,2015,2025,WN,631,N296WN,75,80,61,-10,-5,SJC,SAN,417,2,12,0,,0,NA,NA,NA,NA,NA
2008,1,14,1,1555,1555,2012,1955,WN,495,N767SW,197,180,182,17,0,SLC,MDW,1258,6,9,0,,0,0,0,17,0,0
2008,1,14,1,1805,1810,1908,1920,WN,3133,N449WN,63,70,50,-12,-5,SMF,BUR,358,3,10,0,,0,NA,NA,NA,NA,NA
2008,1,14,1,1856,1900,2027,2030,WN,1231,N604SW,91,90,77,-3,-4,SMF,PDX,479,5,9,0,,0,NA,NA,NA,NA,NA
2008,1,14,1,1530,1530,1652,1655,WN,3313,N649SW,82,85,68,-3,0,SMF,SAN,480,3,11,0,,0,NA,NA,NA,NA,NA
2008,1,14,1,909,910,1013,1010,WN,3573,N367SW,64,60,41,3,-1,TPA,FLL,197,4,19,0,,0,NA,NA,NA,NA,NA
2008,1,15,2,938,940,1044,1100,WN,679,N235WN,66,80,56,-16,-2,ABQ,PHX,328,5,5,0,,0,NA,NA,NA,NA,NA
2008,1,15,2,843,845,942,945,WN,1218,N372SW,179,180,156,-3,-2,AUS,LAS,1090,14,9,0,,0,NA,NA,NA,NA,NA
2008,1,15,2,1935,1940,2056,2115,WN,2627,N514SW,141,155,127,-19,-5,AUS,PHX,872,5,9,0,,0,NA,NA,NA,NA,NA
2008,1,15,2,1517,1520,1719,1730,WN,306,N404WN,62,70,49,-11,-3,BHM,JAX,365,5,8,0,,0,NA,NA,NA,NA,NA
2008,1,15,2,1635,1620,1720,1710,WN,983,N264LV,45,50,31,10,15,BNA,BHM,177,2,12,0,,0,NA,NA,NA,NA,NA
2008,1,15,2,831,830,959,1000,WN,2554,N712SW,88,90,74,-1,1,BNA,MSY,471,3,11,0,,0,NA,NA,NA,NA,NA
2008,1,15,2,1418,1425,1654,1720,WN,1433,N415WN,216,235,203,-26,-7,BNA,PHX,1448,5,8,0,,0,NA,NA,NA,NA,NA
2008,1,15,2,1038,1040,1131,1145,WN,1833,N398SW,113,125,100,-14,-2,BWI,MDW,611,5,8,0,,0,NA,NA,NA,NA,NA
2008,1,15,2,1504,1505,1547,1555,WN,3490,N606SW,43,50,31,-8,-1,BWI,ORF,159,3,9,0,,0,NA,NA,NA,NA,NA
2008,1,15,2,1619,1620,1731,1735,WN,1114,N245WN,72,75,56,-4,-1,ELP,PHX,347,7,9,0,,0,NA,NA,NA,NA,NA
2008,1,15,2,718,720,809,815,WN,1634,N606SW,51,55,35,-6,-2,FLL,TPA,197,5,11,0,,0,NA,NA,NA,NA,NA
2008,1,15,2,1156,1200,1252,1255,WN,24,N520SW,56,55,41,-3,-4,HOU,DAL,239,3,12,0,,0,NA,NA,NA,NA,NA
2008,1,15,2,NA,1400,NA,1455,WN,32,,NA,55,NA,NA,NA,HOU,DAL,239,NA,NA,1,A,0,NA,NA,NA,NA,NA
2008,1,15,2,710,710,1011,1020,WN,1635,N629SW,121,130,103,-9,0,HOU,MCO,848,9,9,0,,0,NA,NA,NA,NA,NA
2008,1,15,2,1344,1310,1859,1840,WN,2193,N762SW,195,210,178,19,34,LAS,BNA,1588,5,12,0,,0,4,0,0,0,15
2008,1,15,2,1934,1940,2137,2145,WN,1421,N779SW,63,65,50,-8,-6,LAS,PHX,256,5,8,0,,0,NA,NA,NA,NA,NA
2008,1,15,2,1309,1230,1442,1400,WN,1118,N618WN,93,90,71,42,39,LAS,SFO,414,7,15,0,,0,0,0,42,0,0
2008,1,15,2,1310,1310,1424,1425,WN,1288,N799SW,74,75,65,-1,0,LAX,SMF,373,3,6,0,,0,NA,NA,NA,NA,NA
2008,1,15,2,1527,1530,1633,1635,WN,43,N247WN,66,65,54,-2,-3,LIT,DAL,296,5,7,0,,0,NA,NA,NA,NA,NA
2008,1,15,2,720,725,907,915,WN,802,N407WN,167,170,145,-8,-5,MCO,MDW,989,7,15,0,,0,NA,NA,NA,NA,NA
2008,1,15,2,1102,1105,1318,1330,WN,2454,N280WN,136,145,115,-12,-3,MCO,PHL,861,5,16,0,,0,NA,NA,NA,NA,NA
2008,1,15,2,928,930,1140,1200,WN,717,N250WN,192,210,179,-20,-2,MDW,SLC,1258,2,11,0,,0,NA,NA,NA,NA,NA
2008,1,15,2,1802,1805,1937,2005,WN,3754,N266WN,215,240,207,-28,-3,MSY,LAS,1501,3,5,0,,0,NA,NA,NA,NA,NA
2008,1,15,2,1315,1315,1415,1420,WN,61,N444WN,60,65,44,-5,0,OAK,BUR,325,2,14,0,,0,NA,NA,NA,NA,NA
2008,1,15,2,1444,1445,1551,1600,WN,1482,N375SW,67,75,51,-9,-1,OAK,ONT,361,4,12,0,,0,NA,NA,NA,NA,NA
2008,1,15,2,1750,1750,1859,1905,WN,3677,N345SA,69,75,54,-6,0,OAK,ONT,361,4,11,0,,0,NA,NA,NA,NA,NA
2008,1,15,2,1213,1210,1330,1330,WN,174,N616SW,77,80,64,0,3,OAK,SAN,446,2,11,0,,0,NA,NA,NA,NA,NA
2008,1,15,2,1834,1835,1923,1930,WN,1685,N785SW,49,55,35,-7,-1,RNO,OAK,180,5,9,0,,0,NA,NA,NA,NA,NA
2008,1,15,2,1311,1310,1443,1445,WN,245,N772SW,92,95,77,-2,1,SAN,SMF,480,5,10,0,,0,NA,NA,NA,NA,NA
2008,1,15,2,901,900,1120,1110,WN,829,N397SW,79,70,63,10,1,SAN,TUS,367,3,13,0,,0,NA,NA,NA,NA,NA
2008,1,15,2,627,630,739,755,WN,1512,N356SW,132,145,121,-16,-3,SAT,PHX,843,4,7,0,,0,NA,NA,NA,NA,NA
2008,1,15,2,1030,1035,1127,1150,WN,131,N228WN,117,135,104,-23,-5,SLC,SEA,689,3,10,0,,0,NA,NA,NA,NA,NA
2008,1,15,2,NA,2050,NA,2335,WN,2871,,NA,105,NA,NA,NA,SMF,PHX,647,NA,NA,1,C,0,NA,NA,NA,NA,NA
2008,1,15,2,835,835,1054,1050,WN,2387,N371SW,79,75,66,4,0,STL,CMH,410,5,8,0,,0,NA,NA,NA,NA,NA
2008,1,15,2,1606,1610,1707,1710,WN,28,N686SW,61,60,46,-3,-4,STL,MDW,251,5,10,0,,0,NA,NA,NA,NA,NA
2008,1,15,2,905,905,1140,1140,WN,1311,N448WN,155,155,140,0,0,TPA,BUF,1054,4,11,0,,0,NA,NA,NA,NA,NA
2008,1,15,2,1809,1815,1906,1910,WN,1304,N520SW,57,55,39,-4,-6,TUL,MCI,223,3,15,0,,0,NA,NA,NA,NA,NA
2008,1,16,3,1350,1350,1501,1505,WN,1773,N366SW,71,75,56,-4,0,ABQ,PHX,328,5,10,0,,0,NA,NA,NA,NA,NA
2008,1,16,3,1135,1140,1321,1330,WN,89,N728SW,106,110,90,-9,-5,AUS,BNA,756,4,12,0,,0,NA,NA,NA,NA,NA
2008,1,16,3,1252,1255,1357,1405,WN,1770,N623SW,65,70,55,-8,-3,BDL,BWI,283,4,6,0,,0,NA,NA,NA,NA,NA
2008,1,16,3,1439,1425,1705,1700,WN,1542,N208WN,86,95,75,5,14,BNA,BWI,588,3,8,0,,0,NA,NA,NA,NA,NA
2008,1,16,3,759,805,1019,1035,WN,1607,N353SW,80,90,70,-16,-6,BNA,DTW,457,3,7,0,,0,NA,NA,NA,NA,NA
2008,1,16,3,846,825,903,840,WN,1412,N678AA,77,75,64,23,21,CMH,BNA,338,4,9,0,,0,0,0,2,0,21
2008,1,16,3,1802,1805,1914,1920,WN,1293,N315SW,72,75,53,-6,-3,FLL,JAX,318,6,13,0,,0,NA,NA,NA,NA,NA
2008,1,16,3,NA,850,NA,950,WN,2351,,NA,60,NA,NA,NA,HOU,MSY,303,NA,NA,1,A,0,NA,NA,NA,NA,NA
2008,1,16,3,1505,1440,2018,2010,WN,120,N701GS,193,210,177,8,25,LAS,BNA,1588,6,10,0,,0,NA,NA,NA,NA,NA
2008,1,16,3,620,620,910,915,WN,3147,N766SW,110,115,86,-5,0,LAS,DEN,629,6,18,0,,0,NA,NA,NA,NA,NA
2008,1,16,3,2141,2130,2,2350,WN,507,N363SW,141,140,126,12,11,LAS,PDX,762,2,13,0,,0,NA,NA,NA,NA,NA
2008,1,16,3,1525,1525,1634,1630,WN,978,N256WN,69,65,53,4,0,LAX,SJC,308,2,14,0,,0,NA,NA,NA,NA,NA
2008,1,16,3,1038,1015,1128,1110,WN,3333,N404WN,50,55,38,18,23,MCI,TUL,223,3,9,0,,0,0,0,0,0,18
2008,1,16,3,2050,2055,2314,2335,WN,877,N299WN,144,160,130,-21,-5,MCO,PVD,1073,3,11,0,,0,NA,NA,NA,NA,NA
2008,1,16,3,1530,1530,1725,1740,WN,3146,N716SW,115,130,102,-15,0,MCO,SDF,718,5,8,0,,0,NA,NA,NA,NA,NA
2008,1,16,3,807,735,1128,1105,WN,370,N401WN,141,150,129,23,32,MDW,MCO,989,5,7,0,,0,0,0,0,0,23
2008,1,16,3,1920,1910,2156,2200,WN,1520,N736SA,216,230,198,-4,10,MDW,PHX,1444,6,12,0,,0,NA,NA,NA,NA,NA
2008,1,16,3,722,725,823,835,WN,2289,N606SW,61,70,44,-12,-3,PHL,PVD,238,4,13,0,,0,NA,NA,NA,NA,NA
2008,1,16,3,1948,1950,2155,2205,WN,1210,N385SW,127,135,114,-10,-2,PIT,MCO,834,4,9,0,,0,NA,NA,NA,NA,NA
2008,1,16,3,1602,1505,1813,1715,WN,2006,N901WN,71,70,50,58,57,SAN,PHX,304,7,14,0,,0,57,0,1,0,0
2008,1,16,3,1138,1120,1310,1250,WN,3056,N636WN,92,90,72,20,18,SAN,SFO,447,6,14,0,,0,0,0,2,0,18
2008,1,16,3,1050,1055,1141,1150,WN,1487,N342SW,51,55,42,-9,-5,SAT,DAL,248,3,6,0,,0,NA,NA,NA,NA,NA
2008,1,16,3,1115,1115,1305,1325,WN,150,N247WN,110,130,92,-20,0,SEA,SJC,697,5,13,0,,0,NA,NA,NA,NA,NA
2008,1,16,3,1538,1540,1640,1650,WN,1840,N275WN,62,70,46,-10,-2,SJC,LAX,308,4,12,0,,0,NA,NA,NA,NA,NA
2008,1,16,3,1745,1745,1851,1855,WN,212,N757LV,66,70,54,-4,0,SJC,ONT,333,4,8,0,,0,NA,NA,NA,NA,NA
2008,1,16,3,1029,1030,1131,1140,WN,3394,N794SW,62,70,48,-9,-1,SJC,ONT,333,3,11,0,,0,NA,NA,NA,NA,NA
2008,1,16,3,1910,1850,2109,2110,WN,3776,N331SW,179,200,161,-1,20,STL,SLC,1156,7,11,0,,0,NA,NA,NA,NA,NA
2008,1,16,3,2107,2110,2227,2250,WN,275,N383SW,140,160,130,-23,-3,TPA,MDW,997,3,7,0,,0,NA,NA,NA,NA,NA
2008,1,16,3,1743,1740,1842,1840,WN,51,N785SW,59,60,44,2,3,TUL,DAL,237,6,9,0,,0,NA,NA,NA,NA,NA
2008,1,17,4,1745,1725,1850,1835,WN,2116,N376SW,65,70,52,15,20,AUS,LBB,341,2,11,0,,0,5,0,0,0,10
2008,1,17,4,618,620,849,900,WN,1916,N305SW,91,100,77,-11,-2,BNA,BWI,588,4,10,0,,0,NA,NA,NA,NA,NA
2008,1,17,4,1213,1220,1500,1515,WN,1328,N684WN,107,115,91,-15,-7,BNA,PHL,675,9,7,0,,0,NA,NA,NA,NA,NA
2008,1,17,4,1905,1705,2149,1955,WN,3747,N338SW,164,170,148,114,120,BWI,RSW,919,4,12,0,,0,18,0,0,0,96
2008,1,17,4,1613,1600,1709,1700,WN,39,N356SW,56,60,47,9,13,DAL,HOU,239,3,6,0,,0,NA,NA,NA,NA,NA
2008,1,17,4,1038,1040,1308,1315,WN,3660,N338SW,150,155,136,-7,-2,FLL,BWI,925,5,9,0,,0,NA,NA,NA,NA,NA
2008,1,17,4,624,625,808,820,WN,448,N708SA,164,175,152,-12,-1,HOU,PHX,1020,4,8,0,,0,NA,NA,NA,NA,NA
2008,1,17,4,1436,1425,1744,1735,WN,3679,N474WN,128,130,113,9,11,JAN,BWI,888,9,6,0,,0,NA,NA,NA,NA,NA
2008,1,17,4,2036,1850,2219,2035,WN,192,N301SW,103,105,89,104,106,JAX,BWI,663,6,8,0,,0,4,0,0,0,100
2008,1,17,4,1003,925,1530,1450,WN,306,N289CT,207,205,188,40,38,LAS,BHM,1618,4,15,0,,0,28,0,2,0,10
2008,1,17,4,1710,1630,1825,1745,WN,108,N292WN,75,75,59,40,40,LAX,OAK,337,6,10,0,,0,0,0,0,0,40
2008,1,17,4,840,840,931,940,WN,15,N601WN,51,60,44,-9,0,LBB,DAL,293,2,5,0,,0,NA,NA,NA,NA,NA
2008,1,17,4,1348,1240,1724,1620,WN,3689,N430WN,156,160,133,64,68,MCI,MCO,1072,5,18,0,,0,57,0,0,0,7
2008,1,17,4,2040,2035,2135,2130,WN,812,N512SW,55,55,39,5,5,MCI,STL,237,4,12,0,,0,NA,NA,NA,NA,NA
2008,1,17,4,2058,2045,2313,2305,WN,925,N494WN,135,140,111,8,13,MCO,PIT,834,9,15,0,,0,NA,NA,NA,NA,NA
2008,1,17,4,2137,2120,2252,2255,WN,344,N424WN,135,155,125,-3,17,MCO,STL,880,4,6,0,,0,NA,NA,NA,NA,NA
2008,1,17,4,2119,2055,2319,2300,WN,871,N283WN,60,65,46,19,24,MDW,CLE,307,4,10,0,,0,0,0,0,0,19
2008,1,17,4,2016,1915,2354,2300,WN,597,N459WN,158,165,143,54,61,MDW,RSW,1105,4,11,0,,0,2,0,0,0,52
2008,1,17,4,1207,1140,1605,1530,WN,620,N469WN,178,170,161,35,27,MDW,RSW,1105,2,15,0,,0,1,0,8,0,26
2008,1,17,4,1506,1510,1608,1615,WN,2959,N791SW,62,65,52,-7,-4,OAK,BUR,325,2,8,0,,0,NA,NA,NA,NA,NA
2008,1,17,4,1631,1630,1731,1720,WN,2188,N425LV,60,50,47,11,1,PBI,TPA,174,3,10,0,,0,NA,NA,NA,NA,NA
2008,1,17,4,643,645,743,800,WN,3333,N713SW,120,135,104,-17,-2,PHL,MDW,668,5,11,0,,0,NA,NA,NA,NA,NA
2008,1,17,4,2135,2135,55,55,WN,2965,N386SW,140,140,123,0,0,PHX,HOU,1020,3,14,0,,0,NA,NA,NA,NA,NA
2008,1,17,4,1814,1725,39,2345,WN,3077,N215WN,265,260,238,54,49,PHX,PHL,2075,10,17,0,,0,47,0,5,0,2
2008,1,17,4,2004,1820,2000,1825,WN,2712,N468WN,56,65,45,95,104,PHX,SAN,304,2,9,0,,0,77,0,0,0,18
2008,1,17,4,2058,2050,2229,2200,WN,3253,N672SW,91,70,56,29,8,RNO,LAS,345,5,30,0,,0,0,0,21,0,8
2008,1,17,4,1447,1450,1822,1835,WN,2038,N321SW,155,165,136,-13,-3,SEA,ABQ,1180,4,15,0,,0,NA,NA,NA,NA,NA
2008,1,17,4,1509,1510,1638,1655,WN,717,N761RR,89,105,74,-17,-1,SEA,SMF,605,4,11,0,,0,NA,NA,NA,NA,NA
2008,1,18,5,705,705,812,810,WN,2002,N664WN,67,65,49,2,0,AUS,MAF,294,4,14,0,,0,NA,NA,NA,NA,NA
2008,1,18,5,1441,1440,1540,1550,WN,2291,N485WN,59,70,48,-10,1,BWI,ALB,288,4,7,0,,0,NA,NA,NA,NA,NA
2008,1,18,5,1725,1725,1824,1830,WN,2821,N328SW,59,65,42,-6,0,BWI,BDL,283,3,14,0,,0,NA,NA,NA,NA,NA
2008,1,18,5,1701,1645,1950,1930,WN,3399,N356SW,229,225,217,20,16,BWI,HOU,1246,2,10,0,,0,5,0,4,0,11
2008,1,18,5,1215,1155,1336,1340,WN,542,N734SA,261,285,250,-4,20,CLE,LAS,1825,4,7,0,,0,NA,NA,NA,NA,NA
2008,1,18,5,1837,1830,1933,1920,WN,2627,N514SW,56,50,42,13,7,DAL,AUS,189,4,10,0,,0,NA,NA,NA,NA,NA
2008,1,18,5,900,900,1000,1000,WN,9,N265WN,60,60,47,0,0,DAL,HOU,239,6,7,0,,0,NA,NA,NA,NA,NA
2008,1,18,5,1221,1210,1349,1345,WN,1487,N652SW,88,95,71,4,11,DAL,STL,546,4,13,0,,0,NA,NA,NA,NA,NA
2008,1,18,5,630,630,723,725,WN,2,N658SW,53,55,41,-2,0,HOU,DAL,239,4,8,0,,0,NA,NA,NA,NA,NA
2008,1,18,5,759,800,942,955,WN,1365,N610WN,163,175,147,-13,-1,HOU,PHX,1020,7,9,0,,0,NA,NA,NA,NA,NA
2008,1,18,5,1748,1735,2013,2000,WN,273,N658SW,85,85,65,13,13,LAS,ABQ,487,5,15,0,,0,NA,NA,NA,NA,NA
2008,1,18,5,1011,1015,1218,1225,WN,790,N724SW,67,70,49,-7,-4,LAS,PHX,256,5,13,0,,0,NA,NA,NA,NA,NA
2008,1,18,5,1745,1745,2007,2000,WN,3049,N352SW,82,75,64,7,0,LAX,PHX,370,10,8,0,,0,NA,NA,NA,NA,NA
2008,1,18,5,2033,2035,2210,2230,WN,377,N306SW,157,175,148,-20,-2,MCI,PHX,1044,3,6,0,,0,NA,NA,NA,NA,NA
2008,1,18,5,1605,1515,1832,1800,WN,2199,N654SW,87,105,80,32,50,MDW,BWI,611,2,5,0,,0,32,0,0,0,0
2008,1,18,5,704,705,816,825,WN,1531,N340LV,72,80,61,-9,-1,MSY,BNA,471,6,5,0,,0,NA,NA,NA,NA,NA
2008,1,18,5,2109,2025,2217,2140,WN,2451,N726SW,68,75,55,37,44,OAK,ONT,361,4,9,0,,0,37,0,0,0,0
2008,1,18,5,2016,2005,2147,2200,WN,628,N454WN,151,175,137,-13,11,OMA,PHX,1037,6,8,0,,0,NA,NA,NA,NA,NA
2008,1,18,5,1103,1100,1154,1150,WN,908,N770SA,51,50,38,4,3,ORF,BWI,159,5,8,0,,0,NA,NA,NA,NA,NA
2008,1,18,5,630,635,801,755,WN,3249,N473WN,91,80,68,6,-5,PVD,BWI,328,3,20,0,,0,NA,NA,NA,NA,NA
2008,1,18,5,631,630,810,815,WN,2989,N743SW,99,105,87,-5,1,RDU,MCO,534,6,6,0,,0,NA,NA,NA,NA,NA
2008,1,18,5,1951,1920,2108,2040,WN,2474,N373SW,77,80,62,28,31,SAN,SJC,417,3,12,0,,0,10,0,0,0,18
2008,1,18,5,1149,1150,1539,1535,WN,1949,N302SW,170,165,141,4,-1,SLC,STL,1156,4,25,0,,0,NA,NA,NA,NA,NA
2008,1,18,5,1216,1215,1331,1330,WN,1463,N700GS,75,75,64,1,1,SMF,LAS,397,3,8,0,,0,NA,NA,NA,NA,NA
2008,1,18,5,1113,1110,1324,1320,WN,2973,N746SW,71,70,56,4,3,SNA,PHX,338,6,9,0,,0,NA,NA,NA,NA,NA
2008,1,18,5,1720,1705,1831,1820,WN,1579,N394SW,71,75,63,11,15,STL,BHM,410,3,5,0,,0,NA,NA,NA,NA,NA
2008,1,18,5,813,800,925,940,WN,2616,N283WN,192,220,182,-15,13,STL,LAS,1372,4,6,0,,0,NA,NA,NA,NA,NA
2008,1,18,5,1347,1350,1427,1440,WN,2537,N409WN,100,110,83,-13,-3,TPA,BNA,612,6,11,0,,0,NA,NA,NA,NA,NA
2008,1,18,5,1124,1115,1317,1320,WN,2352,N601WN,113,125,97,-3,9,TPA,IAD,810,5,11,0,,0,NA,NA,NA,NA,NA
2008,1,18,5,1252,1245,1515,1525,WN,3070,N438WN,143,160,129,-10,7,TPA,PVD,1137,5,9,0,,0,NA,NA,NA,NA,NA
2008,1,19,6,1731,1615,1755,1650,WN,1104,N799SW,84,95,73,65,76,ABQ,LAS,487,6,5,0,,0,0,0,0,0,65
2008,1,19,6,1433,1430,1527,1530,WN,77,N617SW,54,60,43,-3,3,DAL,HOU,239,3,8,0,,0,NA,NA,NA,NA,NA
2008,1,19,6,1129,1125,1355,1355,WN,1397,N405WN,86,90,72,0,4,DEN,MCI,533,7,7,0,,0,NA,NA,NA,NA,NA
2008,1,19,6,1833,1835,2028,2030,WN,3748,N300SW,55,55,42,-2,-2,ELP,LBB,295,3,10,0,,0,NA,NA,NA,NA,NA
2008,1,19,6,750,745,1000,1005,WN,2262,N483WN,70,80,62,-5,5,ELP,SAT,496,3,5,0,,0,NA,NA,NA,NA,NA
2008,1,19,6,1557,1540,1834,1840,WN,2023,N203WN,157,180,140,-6,17,FLL,PVD,1188,5,12,0,,0,NA,NA,NA,NA,NA
2008,1,19,6,1747,1745,1924,1945,WN,744,N323SW,157,180,142,-21,2,FLL,STL,1056,4,11,0,,0,NA,NA,NA,NA,NA
2008,1,19,6,817,815,1038,1040,WN,2990,N714CB,141,145,117,-2,2,LAS,PDX,762,13,11,0,,0,NA,NA,NA,NA,NA
2008,1,19,6,1335,1335,1427,1440,WN,313,N244WN,52,65,42,-13,0,LAS,SAN,258,2,8,0,,0,NA,NA,NA,NA,NA
2008,1,19,6,1650,1635,1743,1740,WN,353,N776WN,53,65,44,3,15,LAX,LAS,236,3,6,0,,0,NA,NA,NA,NA,NA
2008,1,19,6,1709,1710,1827,1825,WN,1078,N687SW,78,75,61,2,-1,LAX,SMF,373,4,13,0,,0,NA,NA,NA,NA,NA
2008,1,19,6,1802,1805,2312,2335,WN,3493,N437WN,190,210,180,-23,-3,LAX,STL,1593,4,6,0,,0,NA,NA,NA,NA,NA
2008,1,19,6,1000,840,1057,950,WN,1091,N493WN,177,190,152,67,80,MCI,LAS,1140,4,21,0,,0,67,0,0,0,0
2008,1,19,6,1252,1210,1536,1455,WN,903,N397SW,104,105,93,41,42,MDW,RDU,632,5,6,0,,0,41,0,0,0,0
2008,1,19,6,1122,1120,1352,1405,WN,978,N431WN,210,225,195,-13,2,MDW,TUS,1440,7,8,0,,0,NA,NA,NA,NA,NA
2008,1,19,6,850,850,945,1005,WN,984,N378SW,55,75,43,-20,0,MSY,BHM,321,2,10,0,,0,NA,NA,NA,NA,NA
2008,1,19,6,1203,1135,1422,1400,WN,2803,N712SW,79,85,64,22,28,MSY,TPA,487,4,11,0,,0,0,0,0,0,22
2008,1,19,6,1133,1100,1719,1710,WN,861,N710SW,226,250,207,9,33,PHX,BUF,1912,4,15,0,,0,NA,NA,NA,NA,NA
2008,1,19,6,1610,1610,1821,1820,WN,138,N220WN,71,70,52,1,0,SAN,PHX,304,6,13,0,,0,NA,NA,NA,NA,NA
2008,1,19,6,1124,1120,1333,1330,WN,1445,N338SW,69,70,49,3,4,SAN,PHX,304,7,13,0,,0,NA,NA,NA,NA,NA
2008,1,19,6,634,635,753,805,WN,3512,N278WN,79,90,64,-12,-1,SAN,SFO,447,4,11,0,,0,NA,NA,NA,NA,NA
2008,1,19,6,1326,1325,1425,1445,WN,1539,N219WN,239,260,225,-20,1,SDF,LAS,1624,3,11,0,,0,NA,NA,NA,NA,NA
2008,1,19,6,1008,1010,1124,1125,WN,1451,N689SW,76,75,64,-1,-2,SJC,SAN,417,3,9,0,,0,NA,NA,NA,NA,NA
2008,1,19,6,1516,1515,1631,1630,WN,3768,N246LV,75,75,57,1,1,SMF,LAS,397,5,13,0,,0,NA,NA,NA,NA,NA
2008,1,19,6,1651,1650,1848,1905,WN,340,N259WN,117,135,103,-17,1,TPA,BWI,842,5,9,0,,0,NA,NA,NA,NA,NA
2008,1,19,6,1933,1855,2131,2110,WN,566,N345SA,118,135,100,21,38,TPA,BWI,842,4,14,0,,0,0,0,0,0,21
2008,1,20,7,735,740,733,740,WN,436,N313SW,58,60,46,-7,-5,AMA,ABQ,277,4,8,0,,0,NA,NA,NA,NA,NA
2008,1,20,7,839,845,1117,1140,WN,2205,N245WN,218,235,205,-23,-6,BWI,AUS,1342,4,9,0,,0,NA,NA,NA,NA,NA
2008,1,20,7,632,635,914,915,WN,1571,N737JW,162,160,145,-1,-3,BWI,FLL,925,6,11,0,,0,NA,NA,NA,NA,NA
2008,1,20,7,1709,1705,1949,1955,WN,3747,N366SW,160,170,149,-6,4,BWI,RSW,919,3,8,0,,0,NA,NA,NA,NA,NA
2008,1,20,7,1655,1655,1758,1800,WN,38,N374SW,63,65,51,-2,0,DAL,LBB,293,2,10,0,,0,NA,NA,NA,NA,NA
2008,1,20,7,824,830,923,940,WN,96,N782SA,119,130,103,-17,-6,ELP,LAX,714,10,6,0,,0,NA,NA,NA,NA,NA
2008,1,20,7,1413,1405,1525,1515,WN,926,N470WN,72,70,61,10,8,JAX,FLL,318,4,7,0,,0,NA,NA,NA,NA,NA
2008,1,20,7,1441,1440,1614,1615,WN,2443,N309SW,93,95,72,-1,1,LAS,OAK,407,6,15,0,,0,NA,NA,NA,NA,NA
2008,1,20,7,2052,2055,2216,2220,WN,2891,N651SW,84,85,71,-4,-3,LAS,SMF,397,4,9,0,,0,NA,NA,NA,NA,NA
2008,1,20,7,1224,1225,1329,1330,WN,1580,N789SW,65,65,43,-1,-1,LAX,LAS,236,7,15,0,,0,NA,NA,NA,NA,NA
2008,1,20,7,1953,1955,2218,2235,WN,3342,N434WN,145,160,127,-17,-2,MCO,ALB,1073,6,12,0,,0,NA,NA,NA,NA,NA
2008,1,20,7,1942,1940,2142,2155,WN,2036,N620SW,120,135,107,-13,2,MCO,CMH,802,3,10,0,,0,NA,NA,NA,NA,NA
2008,1,20,7,1404,1350,1504,1455,WN,1620,N607SW,60,65,50,9,14,MDW,STL,251,3,7,0,,0,NA,NA,NA,NA,NA
2008,1,20,7,2118,2110,2245,2240,WN,2785,N640SW,87,90,73,5,8,MHT,BWI,377,4,10,0,,0,NA,NA,NA,NA,NA
2008,1,20,7,1611,1610,1725,1735,WN,3307,N904WN,74,85,63,-10,1,MSY,BNA,471,5,6,0,,0,NA,NA,NA,NA,NA
2008,1,20,7,712,715,1011,1030,WN,1589,N242WN,119,135,110,-19,-3,MSY,BWI,998,3,6,0,,0,NA,NA,NA,NA,NA
2008,1,20,7,1358,1400,1508,1515,WN,135,N398SW,70,75,52,-7,-2,OAK,LAX,337,4,14,0,,0,NA,NA,NA,NA,NA
2008,1,20,7,1214,1215,1815,1820,WN,181,N727SW,241,245,218,-5,-1,OAK,MDW,1844,8,15,0,,0,NA,NA,NA,NA,NA
2008,1,20,7,959,1000,1120,1125,WN,3416,N716SW,81,85,70,-5,-1,OAK,SAN,446,2,9,0,,0,NA,NA,NA,NA,NA
2008,1,20,7,1253,1255,1407,1415,WN,482,N208WN,74,80,65,-8,-2,OAK,SNA,371,3,6,0,,0,NA,NA,NA,NA,NA
2008,1,20,7,1104,1105,1155,1205,WN,1153,N468WN,51,60,41,-10,-1,ONT,LAS,197,5,5,0,,0,NA,NA,NA,NA,NA
2008,1,20,7,1759,1750,1933,1935,WN,3062,N367SW,94,105,82,-2,9,PDX,OAK,543,5,7,0,,0,NA,NA,NA,NA,NA
2008,1,20,7,1929,1930,2227,2235,WN,3317,N617SW,118,125,107,-8,-1,PHX,AUS,872,5,6,0,,0,NA,NA,NA,NA,NA
2008,1,20,7,2223,2225,2227,2230,WN,1520,N491WN,64,65,54,-3,-2,PHX,ONT,325,4,6,0,,0,NA,NA,NA,NA,NA
2008,1,20,7,2050,2050,2205,2205,WN,2876,N274WN,75,75,58,0,0,RDU,PHL,336,5,12,0,,0,NA,NA,NA,NA,NA
2008,1,20,7,1131,1135,1421,1440,WN,189,N221WN,290,305,276,-19,-4,RDU,PHX,1891,4,10,0,,0,NA,NA,NA,NA,NA
2008,1,20,7,813,820,902,910,WN,1400,N379SW,49,50,42,-8,-7,SAT,HRL,233,2,5,0,,0,NA,NA,NA,NA,NA
2008,1,20,7,1623,1625,1712,1725,WN,3590,N716SW,109,120,98,-13,-2,SLC,OAK,588,4,7,0,,0,NA,NA,NA,NA,NA
2008,1,20,7,1508,1515,1623,1630,WN,3768,N487WN,75,75,60,-7,-7,SMF,LAS,397,5,10,0,,0,NA,NA,NA,NA,NA
2008,1,20,7,2034,2035,2141,2150,WN,2359,N687SW,67,75,56,-9,-1,SMF,ONT,389,3,8,0,,0,NA,NA,NA,NA,NA
2008,1,21,1,1855,1855,2142,2200,WN,883,N761RR,167,185,158,-18,0,ALB,MCO,1073,3,6,0,,0,NA,NA,NA,NA,NA
2008,1,21,1,1419,1335,1524,1440,WN,1500,N272WN,65,65,53,44,44,BUR,SJC,296,4,8,0,,0,4,0,0,0,40
2008,1,21,1,1045,1045,1157,1200,WN,1940,N498WN,72,75,58,-3,0,BWI,CMH,336,3,11,0,,0,NA,NA,NA,NA,NA
2008,1,21,1,1248,1250,1430,1440,WN,2212,N607SW,102,110,88,-10,-2,BWI,SDF,495,5,9,0,,0,NA,NA,NA,NA,NA
2008,1,21,1,2040,1940,2117,2030,WN,60,N658SW,37,50,29,47,60,CRP,HOU,187,2,6,0,,0,0,0,0,0,47
2008,1,21,1,1633,1630,1730,1730,WN,41,N694SW,57,60,49,0,3,DAL,HOU,239,2,6,0,,0,NA,NA,NA,NA,NA
2008,1,21,1,847,850,947,955,WN,6,N345SA,60,65,50,-8,-3,DAL,LBB,293,3,7,0,,0,NA,NA,NA,NA,NA
2008,1,21,1,1012,1010,1113,1115,WN,2947,N374SW,61,65,51,-2,2,DAL,LBB,293,2,8,0,,0,NA,NA,NA,NA,NA
2008,1,21,1,745,750,912,925,WN,1480,N204WN,87,95,73,-13,-5,DAL,STL,546,4,10,0,,0,NA,NA,NA,NA,NA
2008,1,21,1,728,700,941,845,WN,1140,N252WN,133,105,84,56,28,DEN,SLC,391,11,38,0,,0,0,0,56,0,0
2008,1,21,1,1433,1430,1650,1650,WN,1939,N682SW,77,80,64,0,3,ELP,SAT,496,4,9,0,,0,NA,NA,NA,NA,NA
2008,1,21,1,1811,1810,1909,1910,WN,1515,N729SW,58,60,38,-1,1,FLL,TPA,197,5,15,0,,0,NA,NA,NA,NA,NA
2008,1,21,1,1334,1330,1427,1425,WN,30,N256WN,53,55,42,2,4,HOU,DAL,239,3,8,0,,0,NA,NA,NA,NA,NA
2008,1,21,1,1045,1045,1144,1135,WN,793,N325SW,59,50,47,9,0,HOU,SAT,192,3,9,0,,0,NA,NA,NA,NA,NA
2008,1,21,1,812,815,1100,1115,WN,1841,N771SA,168,180,155,-15,-3,ISP,PBI,1052,5,8,0,,0,NA,NA,NA,NA,NA
2008,1,21,1,1747,1720,1856,1825,WN,503,N269WN,69,65,46,31,27,LAS,BUR,223,3,20,0,,0,27,0,4,0,0
2008,1,21,1,1300,1300,1542,1550,WN,1836,N226WN,102,110,79,-8,0,LAS,DEN,629,5,18,0,,0,NA,NA,NA,NA,NA
2008,1,21,1,1007,1005,1453,1500,WN,2089,N658SW,166,175,151,-7,2,LAS,LIT,1295,4,11,0,,0,NA,NA,NA,NA,NA
2008,1,21,1,1217,1215,1322,1310,WN,8,N312SW,65,55,37,12,2,LAS,ONT,197,5,23,0,,0,NA,NA,NA,NA,NA
2008,1,21,1,1019,1020,1117,1120,WN,684,N345SA,58,60,49,-3,-1,LBB,DAL,293,3,6,0,,0,NA,NA,NA,NA,NA
2008,1,21,1,1238,1235,1411,1405,WN,33,N383SW,93,90,78,6,3,MCI,DAL,461,6,9,0,,0,NA,NA,NA,NA,NA
2008,1,21,1,2055,2015,2245,2155,WN,3413,N366SW,110,100,83,50,40,MDW,BHM,570,3,24,0,,0,0,0,10,0,40
2008,1,21,1,659,700,934,930,WN,3762,N758SW,275,270,252,4,-1,MDW,LAX,1750,7,16,0,,0,NA,NA,NA,NA,NA
2008,1,21,1,1330,1310,1610,1555,WN,449,N756SA,280,285,267,15,20,MDW,OAK,1844,6,7,0,,0,15,0,0,0,0
2008,1,21,1,1132,1130,1350,1410,WN,2821,N655WN,78,100,69,-20,2,MSY,MCO,550,5,4,0,,0,NA,NA,NA,NA,NA
2008,1,21,1,914,915,1033,1040,WN,2290,N609SW,79,85,64,-7,-1,OAK,LAS,407,4,11,0,,0,NA,NA,NA,NA,NA
2008,1,21,1,1632,1625,1820,1810,WN,3490,N376SW,108,105,84,10,7,ORF,JAX,543,10,14,0,,0,NA,NA,NA,NA,NA
2008,1,21,1,816,805,1017,1010,WN,41,N694SW,121,125,107,7,11,PDX,LAS,762,6,8,0,,0,NA,NA,NA,NA,NA
2008,1,21,1,1600,1600,1858,1900,WN,54,N510SW,238,240,214,-2,0,PHL,HOU,1335,3,21,0,,0,NA,NA,NA,NA,NA
2008,1,21,1,1720,1420,1820,1525,WN,1056,N641SW,60,65,48,175,180,PHX,ELP,347,7,5,0,,0,0,0,13,0,162
2008,1,21,1,1511,1510,1515,1515,WN,1047,N745SW,64,65,52,0,1,PHX,SAN,304,4,8,0,,0,NA,NA,NA,NA,NA
2008,1,21,1,1605,1530,1736,1705,WN,1946,N342SW,91,95,70,31,35,PHX,SLC,507,5,16,0,,0,8,0,0,0,23
2008,1,21,1,702,705,1239,1300,WN,3164,N730SW,217,235,202,-21,-3,SAN,MDW,1728,7,8,0,,0,NA,NA,NA,NA,NA
2008,1,21,1,2149,2135,2326,2305,WN,1192,N730SW,97,90,73,21,14,SAN,OAK,446,17,7,0,,0,6,0,7,0,8
2008,1,21,1,1250,1120,1502,1250,WN,3056,N365SW,132,90,79,132,90,SAN,SFO,447,4,49,0,,0,0,0,132,0,0
2008,1,21,1,648,650,731,735,WN,2904,N483WN,43,45,32,-4,-2,SAT,HOU,192,3,8,0,,0,NA,NA,NA,NA,NA
2008,1,21,1,947,950,1147,1155,WN,1323,N643SW,120,125,102,-8,-3,SDF,MCO,718,8,10,0,,0,NA,NA,NA,NA,NA
2008,1,21,1,1638,1525,2015,1905,WN,1326,N490WN,157,160,136,70,73,SEA,DEN,1024,11,10,0,,0,2,0,0,0,68
2008,1,21,1,1849,1835,1958,1955,WN,2539,N616SW,69,80,56,3,14,SJC,LAS,386,3,10,0,,0,NA,NA,NA,NA,NA
2008,1,21,1,1214,1210,1325,1330,WN,3073,N336SW,71,80,58,-5,4,SMF,LAX,373,6,7,0,,0,NA,NA,NA,NA,NA
2008,1,21,1,826,825,1005,950,WN,808,N794SW,99,85,71,15,1,SNA,OAK,371,17,11,0,,0,0,0,15,0,0
2008,1,21,1,1047,1040,1145,1145,WN,8,N312SW,178,185,164,0,7,TUL,LAS,1076,6,8,0,,0,NA,NA,NA,NA,NA
2008,1,22,2,1519,1525,1649,1655,WN,966,N309SW,150,150,139,-6,-6,BDL,MDW,777,5,6,0,,0,NA,NA,NA,NA,NA
2008,1,22,2,755,755,846,855,WN,3483,N279WN,51,60,41,-9,0,BUR,LAS,223,3,7,0,,0,NA,NA,NA,NA,NA
2008,1,22,2,2012,2015,2230,2230,WN,1250,N551WN,138,135,126,0,-3,CMH,TPA,829,4,8,0,,0,NA,NA,NA,NA,NA
2008,1,22,2,2010,2010,2147,2155,WN,3919,N627SW,157,165,141,-8,0,DEN,OAK,957,5,11,0,,0,NA,NA,NA,NA,NA
2008,1,22,2,1925,1915,2022,2025,WN,2719,N795SW,57,70,45,-3,10,GEG,PDX,279,4,8,0,,0,NA,NA,NA,NA,NA
2008,1,22,2,1129,1110,1302,1240,WN,540,N629SW,93,90,69,22,19,IND,BWI,515,3,21,0,,0,0,0,3,0,19
2008,1,22,2,716,715,847,845,WN,2275,N652SW,91,90,72,2,1,IND,BWI,515,4,15,0,,0,NA,NA,NA,NA,NA
2008,1,22,2,1614,1615,2341,5,WN,61,N296WN,267,290,245,-24,-1,LAS,MHT,2356,4,18,0,,0,NA,NA,NA,NA,NA
2008,1,22,2,1100,1100,1207,1220,WN,1136,N794SW,67,80,56,-13,0,LAX,SMF,373,4,7,0,,0,NA,NA,NA,NA,NA
2008,1,22,2,918,915,1029,1035,WN,2182,N695SW,71,80,57,-6,3,LAX,SMF,373,5,9,0,,0,NA,NA,NA,NA,NA
2008,1,22,2,806,740,1022,955,WN,2894,N618WN,76,75,61,27,26,LAX,TUS,451,3,12,0,,0,0,0,1,0,26
2008,1,22,2,1002,1005,1220,1225,WN,1354,N646SW,78,80,63,-5,-3,MCI,IND,451,9,6,0,,0,NA,NA,NA,NA,NA
2008,1,22,2,1809,1810,2018,2020,WN,723,N218WN,69,70,48,-2,-1,MDW,CLE,307,7,14,0,,0,NA,NA,NA,NA,NA
2008,1,22,2,809,805,1028,1010,WN,891,N779SW,79,65,48,18,4,MDW,CLE,307,6,25,0,,0,0,0,18,0,0
2008,1,22,2,1203,1150,1436,1435,WN,1114,N298WN,153,165,139,1,13,MDW,HOU,937,4,10,0,,0,NA,NA,NA,NA,NA
2008,1,22,2,1752,1755,1907,1910,WN,1777,N764SW,135,135,121,-3,-3,ORF,MDW,704,6,8,0,,0,NA,NA,NA,NA,NA
2008,1,22,2,1540,1520,1832,1755,WN,2449,N652SW,172,155,128,37,20,PBI,PHL,951,5,39,0,,0,0,20,17,0,0
2008,1,22,2,2135,2035,10,2320,WN,644,N743SW,155,165,126,50,60,PHL,MCO,861,2,27,0,,0,0,0,0,0,50
2008,1,22,2,1028,1020,1044,1040,WN,1106,N477WN,76,80,54,4,8,PHX,ONT,325,5,17,0,,0,NA,NA,NA,NA,NA
2008,1,22,2,727,725,835,840,WN,467,N362SW,68,75,56,-5,2,RNO,LAS,345,4,8,0,,0,NA,NA,NA,NA,NA
2008,1,22,2,2105,2105,2224,2225,WN,3574,N395SW,79,80,67,-1,0,SAN,SJC,417,4,8,0,,0,NA,NA,NA,NA,NA
2008,1,22,2,631,630,658,635,WN,9,N356SW,87,65,52,23,1,SDF,STL,254,4,31,0,,0,0,0,23,0,0
2008,1,22,2,1603,1605,1727,1730,WN,367,N358SW,84,85,66,-3,-2,SFO,LAS,414,6,12,0,,0,NA,NA,NA,NA,NA
2008,1,22,2,1502,1425,1618,1555,WN,1019,N300SW,76,90,55,23,37,SFO,LAX,337,5,16,0,,0,0,0,0,0,23
2008,1,22,2,2102,2105,2215,2215,WN,702,N731SA,73,70,44,0,-3,SLC,BOI,291,3,26,0,,0,NA,NA,NA,NA,NA
2008,1,22,2,1721,1725,1832,1830,WN,3072,N484WN,71,65,42,2,-4,SLC,BOI,291,3,26,0,,0,NA,NA,NA,NA,NA
2008,1,22,2,2000,1940,2115,2100,WN,611,N379SW,75,80,60,15,20,SMF,LAS,397,6,9,0,,0,2,0,0,0,13
2008,1,22,2,622,625,733,725,WN,389,N508SW,71,60,48,8,-3,STL,MDW,251,8,15,0,,0,NA,NA,NA,NA,NA
2008,1,22,2,1924,1930,2048,2100,WN,2179,N449WN,84,90,75,-12,-6,STL,OKC,462,3,6,0,,0,NA,NA,NA,NA,NA
2008,1,23,3,1451,1450,1540,1545,WN,1353,N305SW,49,55,37,-5,1,AUS,DAL,189,4,8,0,,0,NA,NA,NA,NA,NA
2008,1,23,3,1216,1220,1334,1350,WN,1434,N676SW,138,150,131,-16,-4,BDL,MDW,777,1,6,0,,0,NA,NA,NA,NA,NA
2008,1,23,3,1652,1640,1754,1745,WN,1402,N432WN,62,65,48,9,12,BUR,SJC,296,3,11,0,,0,NA,NA,NA,NA,NA
2008,1,23,3,1925,1930,2029,2035,WN,2620,N254WN,64,65,50,-6,-5,BWI,BUF,281,3,11,0,,0,NA,NA,NA,NA,NA
2008,1,23,3,805,800,916,920,WN,3928,N611SW,71,80,55,-4,5,BWI,CLE,314,6,10,0,,0,NA,NA,NA,NA,NA
2008,1,23,3,1803,1735,2028,2010,WN,1139,N362SW,145,155,127,18,28,BWI,PBI,883,4,14,0,,0,2,0,0,0,16
2008,1,23,3,832,835,842,855,WN,717,N445WN,70,80,60,-13,-3,CLE,MDW,307,4,6,0,,0,NA,NA,NA,NA,NA
2008,1,23,3,1935,1930,2201,2215,WN,1238,N273WN,146,165,130,-14,5,FLL,PHL,992,4,12,0,,0,NA,NA,NA,NA,NA
2008,1,23,3,1249,1250,1527,1525,WN,495,N746SW,98,95,84,2,-1,GEG,SLC,546,4,10,0,,0,NA,NA,NA,NA,NA
2008,1,23,3,1854,1830,1945,1925,WN,50,N629SW,51,55,40,20,24,HOU,DAL,239,3,8,0,,0,2,0,0,0,18
2008,1,23,3,1150,1105,1306,1225,WN,1749,N457WN,196,200,183,41,45,HOU,LAS,1235,3,10,0,,0,41,0,0,0,0
2008,1,23,3,2027,2020,2313,2325,WN,51,N283WN,106,125,97,-12,7,HOU,MCO,848,3,6,0,,0,NA,NA,NA,NA,NA
2008,1,23,3,2016,2005,2103,2055,WN,1585,N633SW,47,50,37,8,11,HRL,SAT,233,4,6,0,,0,NA,NA,NA,NA,NA
2008,1,23,3,1308,1310,1814,1840,WN,2193,N786SW,186,210,171,-26,-2,LAS,BNA,1588,5,10,0,,0,NA,NA,NA,NA,NA
2008,1,23,3,629,635,733,735,WN,2886,N756SA,64,60,50,-2,-6,LAS,BUR,223,3,11,0,,0,NA,NA,NA,NA,NA
2008,1,23,3,2024,2025,2120,2115,WN,1449,N223WN,56,50,44,5,-1,LAS,ONT,197,3,9,0,,0,NA,NA,NA,NA,NA
2008,1,23,3,909,915,1115,1120,WN,1545,N200WN,66,65,46,-5,-6,LAS,PHX,256,5,15,0,,0,NA,NA,NA,NA,NA
2008,1,23,3,1539,1540,2010,2015,WN,1230,N624SW,151,155,133,-5,-1,LAS,SAT,1069,3,15,0,,0,NA,NA,NA,NA,NA
2008,1,23,3,1627,1620,1756,1750,WN,2196,N775SW,89,90,64,6,7,LAS,SFO,414,7,18,0,,0,NA,NA,NA,NA,NA
2008,1,23,3,816,820,940,945,WN,1079,N695SW,84,85,71,-5,-4,LAS,SJC,386,3,10,0,,0,NA,NA,NA,NA,NA
2008,1,23,3,651,640,904,855,WN,2384,N224WN,73,75,54,9,11,LAS,TUS,365,3,16,0,,0,NA,NA,NA,NA,NA
2008,1,23,3,2025,2020,2234,2230,WN,2539,N331SW,69,70,57,4,5,LAS,TUS,365,3,9,0,,0,NA,NA,NA,NA,NA
2008,1,23,3,2214,2145,2305,2250,WN,2624,N794SW,51,65,41,15,29,LAX,LAS,236,5,5,0,,0,2,0,0,0,13
2008,1,23,3,NA,1540,NA,1645,WN,2732,,NA,65,NA,NA,NA,LAX,LAS,236,NA,NA,1,A,0,NA,NA,NA,NA,NA
2008,1,23,3,1127,1130,1614,1645,WN,202,N655WN,167,195,150,-31,-3,LAX,MCI,1363,6,11,0,,0,NA,NA,NA,NA,NA
2008,1,23,3,1640,1625,1859,1840,WN,1320,N468WN,79,75,58,19,15,LAX,PHX,370,5,16,0,,0,14,0,4,0,1
2008,1,23,3,1004,1005,1242,1300,WN,958,N728SW,98,115,87,-18,-1,MDW,PHL,668,5,6,0,,0,NA,NA,NA,NA,NA
2008,1,23,3,1814,1815,2116,1950,WN,1137,N717SA,182,95,82,86,-1,MHT,BWI,377,5,95,0,,0,0,0,86,0,0
2008,1,23,3,1929,1810,2110,1945,WN,3413,N688SW,161,155,145,85,79,MHT,MDW,838,7,9,0,,0,0,0,85,0,0
2008,1,23,3,906,900,1045,1020,WN,3083,N350SW,99,80,59,25,6,OAK,LAX,337,5,35,0,,0,0,0,19,0,6
2008,1,23,3,1349,1345,1515,1510,WN,2271,N679AA,86,85,71,5,4,OAK,SAN,446,3,12,0,,0,NA,NA,NA,NA,NA
2008,1,23,3,1838,1845,2034,2050,WN,3951,N396SW,116,125,94,-16,-7,OAK,SEA,671,5,17,0,,0,NA,NA,NA,NA,NA
2008,1,23,3,1026,1025,1131,1140,WN,638,N520SW,65,75,54,-9,1,ONT,OAK,361,5,6,0,,0,NA,NA,NA,NA,NA
2008,1,23,3,936,920,931,925,WN,3939,N297WN,55,65,45,6,16,PHX,LAS,256,2,8,0,,0,NA,NA,NA,NA,NA
2008,1,23,3,1620,1610,2051,2050,WN,1321,N470WN,151,160,136,1,10,SAN,AUS,1164,4,11,0,,0,NA,NA,NA,NA,NA
2008,1,23,3,809,805,934,935,WN,3329,N357SW,85,90,73,-1,4,SAN,OAK,446,3,9,0,,0,NA,NA,NA,NA,NA
2008,1,23,3,1218,1215,1733,1740,WN,3061,N403WN,195,205,175,-7,3,SEA,MCI,1489,8,12,0,,0,NA,NA,NA,NA,NA
2008,1,23,3,1913,1915,2052,2045,WN,688,N614SW,99,90,70,7,-2,SFO,LAX,337,7,22,0,,0,NA,NA,NA,NA,NA
2008,1,23,3,2113,2110,2306,2245,WN,1206,N459WN,113,95,78,21,3,SLC,PHX,507,6,29,0,,0,0,0,21,0,0
2008,1,24,4,740,730,1009,1010,WN,1746,N663SW,89,100,70,-1,10,BNA,BWI,588,3,16,0,,0,NA,NA,NA,NA,NA
2008,1,24,4,847,755,1105,1015,WN,3935,N761RR,78,80,66,50,52,BNA,JAX,484,5,7,0,,0,21,0,0,0,29
2008,1,24,4,830,830,1005,1000,WN,2554,N274WN,95,90,82,5,0,BNA,MSY,471,4,9,0,,0,NA,NA,NA,NA,NA
2008,1,24,4,1943,1940,2026,2040,WN,1107,N903WN,103,120,89,-14,3,BWI,BNA,588,5,9,0,,0,NA,NA,NA,NA,NA
2008,1,24,4,1630,1535,1743,1640,WN,442,N746SW,73,65,56,63,55,BWI,RDU,255,3,14,0,,0,55,0,8,0,0
2008,1,24,4,700,700,758,800,WN,1400,N642WN,58,60,46,-2,0,DAL,SAT,248,3,9,0,,0,NA,NA,NA,NA,NA
2008,1,24,4,NA,2005,NA,2055,WN,1585,,NA,50,NA,NA,NA,HRL,SAT,233,NA,NA,1,B,0,NA,NA,NA,NA,NA
2008,1,24,4,1319,1315,1847,1900,WN,1632,N250WN,208,225,192,-13,4,LAX,BNA,1797,5,11,0,,0,NA,NA,NA,NA,NA
2008,1,24,4,NA,955,NA,1100,WN,1647,,NA,65,NA,NA,NA,LAX,LAS,236,NA,NA,1,C,0,NA,NA,NA,NA,NA
2008,1,24,4,1843,1815,2009,1950,WN,1137,N272WN,86,95,74,19,28,MHT,BWI,377,5,7,0,,0,7,0,0,0,12
2008,1,24,4,946,945,1256,1310,WN,836,N433LV,130,145,114,-14,1,OAK,DEN,957,4,12,0,,0,NA,NA,NA,NA,NA
2008,1,24,4,2201,2035,2252,2125,WN,1842,N339SW,51,50,37,87,86,OAK,RNO,180,4,10,0,,0,2,0,1,0,84
2008,1,24,4,1926,1930,2045,2050,WN,2560,N329SW,79,80,66,-5,-4,OMA,MDW,423,6,7,0,,0,NA,NA,NA,NA,NA
2008,1,24,4,937,930,1048,1040,WN,2374,N631SW,71,70,58,8,7,ONT,SJC,333,3,10,0,,0,NA,NA,NA,NA,NA
2008,1,24,4,1740,1735,1948,2000,WN,1180,N248WN,128,145,115,-12,5,PBI,BWI,883,2,11,0,,0,NA,NA,NA,NA,NA
2008,1,24,4,2010,1945,2159,2130,WN,1575,N375SW,109,105,90,29,25,PDX,SJC,569,4,15,0,,0,0,0,4,0,25
2008,1,24,4,948,950,1246,1245,WN,2195,N610WN,178,175,152,1,-2,PHL,TPA,920,5,21,0,,0,NA,NA,NA,NA,NA
2008,1,24,4,608,610,736,740,WN,3772,N297WN,88,90,66,-4,-2,RNO,PDX,444,3,19,0,,0,NA,NA,NA,NA,NA
2008,1,24,4,1011,1005,1136,1140,WN,3429,N373SW,85,95,74,-4,6,SAN,SMF,480,3,8,0,,0,NA,NA,NA,NA,NA
2008,1,24,4,1456,1450,1551,1545,WN,3420,N703SW,55,55,42,6,6,SAT,DAL,248,3,10,0,,0,NA,NA,NA,NA,NA
2008,1,24,4,741,740,841,850,WN,635,N292WN,60,70,49,-9,1,SJC,LAX,308,5,6,0,,0,NA,NA,NA,NA,NA
2008,1,24,4,645,645,802,800,WN,1416,N455WN,77,75,60,2,0,SJC,SNA,342,8,9,0,,0,NA,NA,NA,NA,NA
2008,1,24,4,1722,1720,1831,1830,WN,717,N401WN,69,70,60,1,2,SMF,BUR,358,2,7,0,,0,NA,NA,NA,NA,NA
2008,1,24,4,910,910,1155,1200,WN,624,N637SW,105,110,95,-5,0,SMF,PHX,647,4,6,0,,0,NA,NA,NA,NA,NA
2008,1,24,4,1944,1940,2114,2100,WN,814,N450WN,90,80,73,14,4,SNA,OAK,371,3,14,0,,0,NA,NA,NA,NA,NA
2008,1,24,4,804,805,923,935,WN,2472,N427WN,79,90,66,-12,-1,SNA,SMF,404,4,9,0,,0,NA,NA,NA,NA,NA
2008,1,24,4,638,640,713,710,WN,3518,N342SW,95,90,82,3,-2,TUS,LAX,451,4,9,0,,0,NA,NA,NA,NA,NA
2008,1,25,5,1910,1820,2015,1925,WN,1381,N786SW,65,65,52,50,50,BUR,SJC,296,4,9,0,,0,5,0,0,0,45
2008,1,25,5,1452,1455,1550,1600,WN,1658,N228WN,58,65,47,-10,-3,BWI,BDL,283,3,8,0,,0,NA,NA,NA,NA,NA
2008,1,25,5,1427,1430,1525,1540,WN,3655,N761RR,118,130,107,-15,-3,BWI,BHM,682,2,9,0,,0,NA,NA,NA,NA,NA
2008,1,25,5,1005,1005,1120,1125,WN,179,N329SW,135,140,123,-5,0,BWI,STL,737,3,9,0,,0,NA,NA,NA,NA,NA
2008,1,25,5,710,710,827,830,WN,1399,N245WN,77,80,61,-3,0,CMH,PHL,405,4,12,0,,0,NA,NA,NA,NA,NA
2008,1,25,5,1847,1830,1940,1920,WN,2627,N290WN,53,50,42,20,17,DAL,AUS,189,4,7,0,,0,0,0,3,0,17
2008,1,25,5,1237,1235,1333,1335,WN,12,N628SW,116,120,102,-2,2,DEN,LAS,629,4,10,0,,0,NA,NA,NA,NA,NA
2008,1,25,5,1045,1050,1239,1235,WN,2815,N711HK,174,165,149,4,-5,DEN,OAK,957,3,22,0,,0,NA,NA,NA,NA,NA
2008,1,25,5,1554,1550,1748,1745,WN,2712,N491WN,114,115,91,3,4,DEN,PHX,602,7,16,0,,0,NA,NA,NA,NA,NA
2008,1,25,5,1634,1620,1754,1735,WN,1114,N496WN,80,75,60,19,14,ELP,PHX,347,6,14,0,,0,14,0,5,0,0
2008,1,25,5,1726,1725,1717,1720,WN,3930,N476WN,51,55,35,-3,1,IND,MDW,162,7,9,0,,0,NA,NA,NA,NA,NA
2008,1,25,5,1020,1020,1301,1320,WN,2375,N473WN,161,180,151,-19,0,ISP,TPA,1034,3,7,0,,0,NA,NA,NA,NA,NA
2008,1,25,5,1614,1605,1716,1710,WN,2545,N484WN,62,65,44,6,9,LAS,BUR,223,2,16,0,,0,NA,NA,NA,NA,NA
2008,1,25,5,1123,1125,1232,1235,WN,884,N278WN,69,70,53,-3,-2,LAS,LAX,236,4,12,0,,0,NA,NA,NA,NA,NA
2008,1,25,5,1939,1940,2038,2040,WN,2276,N428WN,59,60,45,-2,-1,LAS,SAN,258,5,9,0,,0,NA,NA,NA,NA,NA
2008,1,25,5,1442,1440,1528,1525,WN,2712,N491WN,106,105,85,3,2,MCI,DEN,533,7,14,0,,0,NA,NA,NA,NA,NA
2008,1,25,5,1457,1455,1700,1635,WN,1078,N392SW,243,220,220,25,2,MCI,LAX,1363,9,14,0,,0,0,0,25,0,0
2008,1,25,5,906,900,1122,1100,WN,2789,N760SW,256,240,216,22,6,MCI,OAK,1489,4,36,0,,0,6,0,16,0,0
2008,1,25,5,1124,1130,1154,1205,WN,445,N683SW,90,95,77,-11,-6,MCO,BHM,478,3,10,0,,0,NA,NA,NA,NA,NA
2008,1,25,5,1816,1815,1936,1950,WN,1137,N250WN,80,95,67,-14,1,MHT,BWI,377,5,8,0,,0,NA,NA,NA,NA,NA
2008,1,25,5,2119,2115,2228,2220,WN,3145,N704SW,69,65,58,8,4,MSY,HOU,303,3,8,0,,0,NA,NA,NA,NA,NA
2008,1,25,5,846,850,1049,1100,WN,1256,N412WN,123,130,113,-11,-4,MSY,MDW,825,5,5,0,,0,NA,NA,NA,NA,NA
2008,1,25,5,2119,2030,2238,2150,WN,107,N720WN,79,80,64,48,49,OAK,SNA,371,5,10,0,,0,9,0,0,0,39
2008,1,25,5,1905,1850,1948,1930,WN,1274,N327SW,103,100,85,18,15,OKC,DEN,495,9,9,0,,0,1,0,3,0,14
2008,1,25,5,1028,1020,1237,1230,WN,1221,N652SW,69,70,53,7,8,ONT,PHX,325,6,10,0,,0,NA,NA,NA,NA,NA
2008,1,25,5,1515,1520,1748,1755,WN,2449,N661SW,153,155,138,-7,-5,PBI,PHL,951,5,10,0,,0,NA,NA,NA,NA,NA
2008,1,25,5,748,750,803,805,WN,1564,N302SW,75,75,61,-2,-2,PHX,ONT,325,4,10,0,,0,NA,NA,NA,NA,NA
2008,1,25,5,1517,1510,1530,1515,WN,1047,N409WN,73,65,51,15,7,PHX,SAN,304,3,19,0,,0,7,0,8,0,0
2008,1,25,5,1822,1820,1822,1825,WN,2712,N491WN,60,65,50,-3,2,PHX,SAN,304,3,7,0,,0,NA,NA,NA,NA,NA
2008,1,25,5,1644,1645,1720,1720,WN,3919,N211WN,96,95,79,0,-1,RDU,BNA,443,5,12,0,,0,NA,NA,NA,NA,NA
2008,1,25,5,1251,1250,1429,1410,WN,1609,N223WN,218,200,192,19,1,SAT,LAX,1210,21,5,0,,0,0,0,19,0,0
2008,1,25,5,1325,1325,1446,1445,WN,1539,N494WN,261,260,243,1,0,SDF,LAS,1624,5,13,0,,0,NA,NA,NA,NA,NA
2008,1,25,5,706,705,906,910,WN,3513,N360SW,120,125,99,-4,1,SDF,TPA,727,4,17,0,,0,NA,NA,NA,NA,NA
2008,1,25,5,1855,1835,2008,2000,WN,1573,N245WN,73,85,53,8,20,SLC,DEN,391,7,13,0,,0,NA,NA,NA,NA,NA
2008,1,25,5,1118,1100,1245,1225,WN,2269,N671SW,87,85,72,20,18,SMF,SAN,480,3,12,0,,0,1,0,2,0,17
2008,1,25,5,1729,1715,1857,1840,WN,3228,N201LV,88,85,76,17,14,SNA,SMF,404,5,7,0,,0,5,0,3,0,9
2008,1,25,5,647,650,736,740,WN,1607,N343SW,109,110,96,-4,-3,TPA,BNA,612,5,8,0,,0,NA,NA,NA,NA,NA
2008,1,25,5,2011,2015,2216,2230,WN,364,N294WN,125,135,112,-14,-4,TPA,CMH,829,4,9,0,,0,NA,NA,NA,NA,NA
2008,1,26,6,1959,1905,2142,2040,WN,789,N616SW,163,155,151,62,54,ABQ,OAK,889,4,8,0,,0,54,0,8,0,0
2008,1,26,6,1442,1445,1610,1625,WN,1567,N284WN,148,160,130,-15,-3,BDL,BNA,852,9,9,0,,0,NA,NA,NA,NA,NA
2008,1,26,6,1011,1000,1205,1155,WN,2978,N676SW,114,115,102,10,11,BHM,HOU,570,2,10,0,,0,NA,NA,NA,NA,NA
2008,1,26,6,1534,1535,1630,1635,WN,1002,N214WN,56,60,42,-5,-1,BUR,LAS,223,7,7,0,,0,NA,NA,NA,NA,NA
2008,1,26,6,946,945,1044,1050,WN,3947,N481WN,58,65,47,-6,1,BUR,SJC,296,3,8,0,,0,NA,NA,NA,NA,NA
2008,1,26,6,1842,1845,1927,1945,WN,768,N229WN,105,120,92,-18,-3,BWI,BNA,588,5,8,0,,0,NA,NA,NA,NA,NA
2008,1,26,6,1725,1705,1956,1955,WN,3747,N686SW,151,170,143,1,20,BWI,RSW,919,2,6,0,,0,NA,NA,NA,NA,NA
2008,1,26,6,1112,1110,1225,1230,WN,2387,N641SW,73,80,62,-5,2,CMH,PHL,405,4,7,0,,0,NA,NA,NA,NA,NA
2008,1,26,6,658,700,804,800,WN,1379,N367SW,66,60,42,4,-2,GEG,SEA,224,7,17,0,,0,NA,NA,NA,NA,NA
2008,1,26,6,921,920,1016,1020,WN,5,N528SW,55,60,46,-4,1,HOU,HRL,276,2,7,0,,0,NA,NA,NA,NA,NA
2008,1,26,6,1242,1230,1417,1400,WN,243,N376SW,155,150,140,17,12,JAX,HOU,816,3,12,0,,0,0,0,5,0,12
2008,1,26,6,1002,955,1106,1055,WN,1495,N232WN,64,60,44,11,7,LAS,SNA,226,4,16,0,,0,NA,NA,NA,NA,NA
2008,1,26,6,850,850,1420,1440,WN,2199,N742SW,210,230,195,-20,0,LAX,MDW,1750,5,10,0,,0,NA,NA,NA,NA,NA
2008,1,26,6,1438,1430,1713,1715,WN,928,N380SW,95,105,80,-2,8,LAX,SLC,590,3,12,0,,0,NA,NA,NA,NA,NA
2008,1,26,6,916,915,1027,1035,WN,2182,N338SW,71,80,56,-8,1,LAX,SMF,373,4,11,0,,0,NA,NA,NA,NA,NA
2008,1,26,6,649,650,829,830,WN,12,N608SW,160,160,150,-1,-1,MCO,HOU,848,2,8,0,,0,NA,NA,NA,NA,NA
2008,1,26,6,1358,1355,1628,1635,WN,326,N234WN,90,100,80,-7,3,MSY,FLL,673,4,6,0,,0,NA,NA,NA,NA,NA
2008,1,26,6,1233,1230,1339,1335,WN,359,N781WN,66,65,52,4,3,OAK,BUR,325,4,10,0,,0,NA,NA,NA,NA,NA
2008,1,26,6,1100,1105,1200,1205,WN,523,N900WN,60,60,50,-5,-5,SJC,BUR,296,2,8,0,,0,NA,NA,NA,NA,NA
2008,1,26,6,1432,1430,1539,1530,WN,112,N650SW,127,120,111,9,2,SLC,LAX,590,9,7,0,,0,NA,NA,NA,NA,NA
2008,1,26,6,1135,1135,1425,1430,WN,3828,N468WN,170,175,155,-5,0,TPA,MHT,1204,4,11,0,,0,NA,NA,NA,NA,NA
2008,1,26,6,831,835,1050,1105,WN,148,N654SW,139,150,124,-15,-4,TPA,PHL,920,5,10,0,,0,NA,NA,NA,NA,NA
2008,1,27,7,956,955,1041,1045,WN,1852,N507SW,45,50,33,-4,1,BNA,BHM,177,3,9,0,,0,NA,NA,NA,NA,NA
2008,1,27,7,1739,1740,1846,1845,WN,570,N635SW,67,65,49,1,-1,BWI,BUF,281,2,16,0,,0,NA,NA,NA,NA,NA
2008,1,27,7,1944,1930,2047,2035,WN,2620,N606SW,63,65,49,12,14,BWI,BUF,281,3,11,0,,0,NA,NA,NA,NA,NA
2008,1,27,7,2116,2105,2216,2215,WN,2788,N355SW,60,70,50,1,11,DAL,MAF,319,3,7,0,,0,NA,NA,NA,NA,NA
2008,1,27,7,1445,1445,1715,1715,WN,544,N261WN,270,270,256,0,0,DTW,PHX,1671,5,9,0,,0,NA,NA,NA,NA,NA
2008,1,27,7,21,2120,254,5,WN,904,N671SW,93,105,78,169,181,LAX,SLC,590,5,10,0,,0,0,0,0,0,169
2008,1,27,7,1130,1135,1236,1235,WN,27,N600WN,66,60,55,1,-5,MAF,DAL,319,3,8,0,,0,NA,NA,NA,NA,NA
2008,1,27,7,1103,1055,1244,1235,WN,99,N394SW,161,160,143,9,8,MCO,HOU,848,3,15,0,,0,NA,NA,NA,NA,NA
2008,1,27,7,1402,1345,1425,1405,WN,1377,N346SW,83,80,68,20,17,PHX,LAX,370,6,9,0,,0,6,0,3,0,11
2008,1,27,7,1052,1045,1308,1305,WN,503,N727SW,136,140,106,3,7,PIT,MCO,834,4,26,0,,0,NA,NA,NA,NA,NA
2008,1,27,7,2036,2020,2307,2320,WN,2549,N427WN,151,180,137,-13,16,PVD,MCO,1073,5,9,0,,0,NA,NA,NA,NA,NA
2008,1,27,7,1415,1305,1532,1425,WN,3163,N277WN,77,80,60,67,70,SAN,SJC,417,5,12,0,,0,0,0,15,0,52
2008,1,27,7,904,905,927,925,WN,1495,N778SW,83,80,68,2,-1,SLC,LAS,368,6,9,0,,0,NA,NA,NA,NA,NA
2008,1,27,7,2039,2000,2158,2120,WN,2624,N249WN,79,80,62,38,39,SMF,LAX,373,6,11,0,,0,7,0,0,0,31
2008,1,27,7,917,920,948,950,WN,2471,N438WN,91,90,73,-2,-3,TUS,LAX,451,7,11,0,,0,NA,NA,NA,NA,NA
2008,1,28,1,1943,1945,2053,2055,WN,361,N239WN,70,70,54,-2,-2,BUR,OAK,325,11,5,0,,0,NA,NA,NA,NA,NA
2008,1,28,1,1029,1015,1136,1130,WN,542,N437WN,67,75,53,6,14,BWI,CLE,314,5,9,0,,0,NA,NA,NA,NA,NA
2008,1,28,1,1040,1040,1159,1205,WN,186,N374SW,79,85,68,-6,0,DAL,MCI,461,4,7,0,,0,NA,NA,NA,NA,NA
2008,1,28,1,1448,1435,1606,1550,WN,892,N311SW,78,75,58,16,13,DEN,ABQ,349,3,17,0,,0,0,0,3,0,13
2008,1,28,1,1952,1955,2108,2110,WN,3399,N440LV,136,135,124,-2,-3,HOU,ABQ,759,4,8,0,,0,NA,NA,NA,NA,NA
2008,1,28,1,1532,1530,1634,1630,WN,3241,N315SW,62,60,45,4,2,HOU,MSY,303,4,13,0,,0,NA,NA,NA,NA,NA
2008,1,28,1,559,600,656,700,WN,3495,N387SW,57,60,43,-4,-1,LAS,LAX,236,6,8,0,,0,NA,NA,NA,NA,NA
2008,1,28,1,2201,2120,NA,5,WN,904,N673AA,NA,105,NA,NA,41,LAX,SLC,590,NA,8,0,,1,NA,NA,NA,NA,NA
2008,1,28,1,1930,1915,2103,2045,WN,2788,N606SW,93,90,81,18,15,MCI,DAL,461,4,8,0,,0,15,0,3,0,0
2008,1,28,1,2144,2150,2253,2305,WN,288,N450WN,69,75,56,-12,-6,MCI,MDW,405,5,8,0,,0,NA,NA,NA,NA,NA
2008,1,28,1,2029,2020,2327,2305,WN,1460,N228WN,178,165,164,22,9,MCO,MHT,1142,3,11,0,,0,4,0,13,0,5
2008,1,28,1,650,650,813,825,WN,1376,N348SW,83,95,61,-12,0,MHT,BWI,377,4,18,0,,0,NA,NA,NA,NA,NA
2008,1,28,1,1141,1130,1410,1410,WN,2821,N352SW,89,100,74,0,11,MSY,MCO,550,7,8,0,,0,NA,NA,NA,NA,NA
2008,1,28,1,704,700,1004,1015,WN,2546,N312SW,120,135,109,-11,4,OAK,ABQ,889,4,7,0,,0,NA,NA,NA,NA,NA
2008,1,28,1,927,930,1111,1110,WN,1479,N341SW,104,100,90,1,-3,OAK,PDX,543,3,11,0,,0,NA,NA,NA,NA,NA
2008,1,28,1,1944,1950,2028,2040,WN,1251,N390SW,44,50,34,-12,-6,ORF,BWI,159,3,7,0,,0,NA,NA,NA,NA,NA
2008,1,28,1,2004,1945,2341,2310,WN,2543,N325SW,157,145,118,31,19,PHX,OMA,1037,2,37,0,,0,0,0,12,0,19
2008,1,28,1,1817,1820,1939,2000,WN,177,N510SW,82,100,49,-21,-3,PIT,PHL,267,4,29,0,,0,NA,NA,NA,NA,NA
2008,1,28,1,2053,2050,2202,2205,WN,2876,N477WN,69,75,57,-3,3,RDU,PHL,336,5,7,0,,0,NA,NA,NA,NA,NA
2008,1,28,1,1245,1235,1354,1350,WN,622,N232WN,69,75,57,4,10,RNO,LAS,345,3,9,0,,0,NA,NA,NA,NA,NA
2008,1,28,1,1938,1850,2052,2015,WN,1516,N734SA,74,85,58,37,48,RNO,LAX,390,5,11,0,,0,5,0,0,0,32
2008,1,28,1,1306,1300,1751,1755,WN,351,N222WN,165,175,151,-4,6,SAN,HOU,1312,5,9,0,,0,NA,NA,NA,NA,NA
2008,1,28,1,1130,1120,1306,1250,WN,3056,N395SW,96,90,73,16,10,SAN,SFO,447,5,18,0,,0,0,0,6,0,10
2008,1,28,1,2122,1955,2324,2205,WN,1597,N736SA,62,70,53,79,87,SAN,TUS,367,2,7,0,,0,0,0,0,0,79
2008,1,28,1,1609,1610,1752,1815,WN,987,N246LV,103,125,89,-23,-1,SDF,MCO,718,6,8,0,,0,NA,NA,NA,NA,NA
2008,1,28,1,1150,1150,1746,1800,WN,2437,N251WN,236,250,222,-14,0,SEA,BNA,1977,4,10,0,,0,NA,NA,NA,NA,NA
2008,1,28,1,1322,1320,1517,1520,WN,809,N224WN,115,120,92,-3,2,SEA,OAK,671,7,16,0,,0,NA,NA,NA,NA,NA
2008,1,28,1,1114,1115,1302,1325,WN,150,N464WN,108,130,91,-23,-1,SEA,SJC,697,2,15,0,,0,NA,NA,NA,NA,NA
2008,1,28,1,826,830,951,955,WN,1300,N737JW,85,85,64,-4,-4,SFO,LAS,414,4,17,0,,0,NA,NA,NA,NA,NA
2008,1,28,1,823,820,952,945,WN,3595,N656SW,89,85,68,7,3,SFO,SAN,447,3,18,0,,0,NA,NA,NA,NA,NA
2008,1,28,1,2133,2125,13,10,WN,2022,N773SA,100,105,87,3,8,SJC,PHX,621,4,9,0,,0,NA,NA,NA,NA,NA
2008,1,28,1,1158,1140,1312,1255,WN,1141,N234WN,74,75,64,17,18,SJC,SAN,417,2,8,0,,0,0,0,0,0,17
2008,1,29,2,1243,1240,1550,1555,WN,369,N484WN,307,315,296,-5,3,BWI,PHX,1999,5,6,0,,0,NA,NA,NA,NA,NA
2008,1,29,2,707,710,831,830,WN,1399,N460WN,84,80,68,1,-3,CMH,PHL,405,5,11,0,,0,NA,NA,NA,NA,NA
2008,1,29,2,1101,1100,1147,1145,WN,3244,N793SA,106,105,92,2,1,DAL,ELP,562,3,11,0,,0,NA,NA,NA,NA,NA
2008,1,29,2,1748,1725,1952,1910,WN,39,N615SW,124,105,110,42,23,HOU,BNA,670,7,7,0,,0,0,0,19,0,23
2008,1,29,2,1206,1205,1409,1430,WN,1757,N607SW,123,145,110,-21,1,HOU,MDW,937,3,10,0,,0,NA,NA,NA,NA,NA
2008,1,29,2,1310,1310,1412,1415,WN,1758,N705SW,62,65,47,-3,0,LAS,BUR,223,1,14,0,,0,NA,NA,NA,NA,NA
2008,1,29,2,1633,1640,2242,2210,WN,1363,N420WN,249,210,223,32,-7,LAS,MDW,1521,12,14,0,,0,0,0,32,0,0
2008,1,29,2,1924,1905,13,15,WN,2001,N609SW,169,190,158,-2,19,LAX,MCI,1363,5,6,0,,0,NA,NA,NA,NA,NA
2008,1,29,2,2110,2110,2318,2320,WN,710,N446WN,68,70,53,-2,0,LAX,PHX,370,3,12,0,,0,NA,NA,NA,NA,NA
2008,1,29,2,1803,1800,1955,2010,WN,1322,N795SW,112,130,102,-15,3,MCO,BWI,787,3,7,0,,0,NA,NA,NA,NA,NA
2008,1,29,2,1417,1420,1619,1625,WN,1640,N616SW,182,185,171,-6,-3,MCO,SAT,1040,4,7,0,,0,NA,NA,NA,NA,NA
2008,1,29,2,717,720,854,900,WN,1473,N641SW,157,160,143,-6,-3,MCO,STL,880,3,11,0,,0,NA,NA,NA,NA,NA
2008,1,29,2,1905,1910,2100,2110,WN,3761,N278WN,115,120,100,-10,-5,OAK,GEG,723,4,11,0,,0,NA,NA,NA,NA,NA
2008,1,29,2,1700,1700,1809,1815,WN,1860,N312SW,69,75,51,-6,0,OAK,LAX,337,6,12,0,,0,NA,NA,NA,NA,NA
2008,1,29,2,1537,1540,1701,1700,WN,1096,N683SW,84,80,75,1,-3,ONT,SMF,389,4,5,0,,0,NA,NA,NA,NA,NA
2008,1,29,2,1348,1350,1509,1505,WN,3226,N311SW,81,75,71,4,-2,ONT,SMF,389,4,6,0,,0,NA,NA,NA,NA,NA
2008,1,29,2,1725,1730,1829,1855,WN,2028,N509SW,64,85,49,-26,-5,PHL,MHT,290,4,11,0,,0,NA,NA,NA,NA,NA
2008,1,29,2,1635,1555,1642,1555,WN,1112,N731SA,67,60,47,47,40,PHX,LAS,256,8,12,0,,0,0,0,7,0,40
2008,1,29,2,1315,1255,1313,1300,WN,3777,N424WN,58,65,45,13,20,PHX,LAS,256,5,8,0,,0,NA,NA,NA,NA,NA
2008,1,29,2,645,645,704,705,WN,1333,N639SW,79,80,62,-1,0,PHX,LAX,370,7,10,0,,0,NA,NA,NA,NA,NA
2008,1,29,2,1347,1305,1619,1545,WN,459,N611SW,92,100,80,34,42,RNO,PHX,601,5,7,0,,0,0,0,0,0,34
2008,1,29,2,1129,1130,1234,1225,WN,495,N734SA,65,55,42,9,-1,SEA,GEG,224,8,15,0,,0,NA,NA,NA,NA,NA
2008,1,29,2,558,600,749,805,WN,218,N273WN,111,125,98,-16,-2,SEA,OAK,671,5,8,0,,0,NA,NA,NA,NA,NA
2008,1,29,2,847,850,959,1005,WN,723,N481WN,72,75,53,-6,-3,SJC,LAX,308,8,11,0,,0,NA,NA,NA,NA,NA
2008,1,29,2,1150,1150,1538,1535,WN,1949,N365SW,168,165,144,3,0,SLC,STL,1156,4,20,0,,0,NA,NA,NA,NA,NA
2008,1,29,2,711,715,815,825,WN,906,N235WN,64,70,53,-10,-4,SMF,BUR,358,1,10,0,,0,NA,NA,NA,NA,NA
2008,1,29,2,1836,1835,1956,1955,WN,1828,N207WN,80,80,66,1,1,SNA,OAK,371,6,8,0,,0,NA,NA,NA,NA,NA
2008,1,29,2,726,730,948,1000,WN,1430,N728SW,142,150,130,-12,-4,TPA,PHL,920,5,7,0,,0,NA,NA,NA,NA,NA
2008,1,30,3,1956,2000,2044,2055,WN,2713,N272WN,48,55,38,-11,-4,AUS,DAL,189,3,7,0,,0,NA,NA,NA,NA,NA
2008,1,30,3,1636,1640,1745,1750,WN,1832,N289CT,69,70,56,-5,-4,BDL,BWI,283,4,9,0,,0,NA,NA,NA,NA,NA
2008,1,30,3,1849,1850,1943,1950,WN,707,N459WN,54,60,39,-7,-1,BWI,ISP,220,3,12,0,,0,NA,NA,NA,NA,NA
2008,1,30,3,957,955,1202,1200,WN,34,N625SW,125,125,111,2,2,BWI,JAX,663,5,9,0,,0,NA,NA,NA,NA,NA
2008,1,30,3,1524,1505,1608,1555,WN,3490,N349SW,44,50,30,13,19,BWI,ORF,159,3,11,0,,0,NA,NA,NA,NA,NA
2008,1,30,3,645,645,755,755,WN,1198,N370SW,70,70,58,0,0,DAL,AMA,324,5,7,0,,0,NA,NA,NA,NA,NA
2008,1,30,3,654,655,813,830,WN,3749,N429WN,79,95,67,-17,-1,DAL,BHM,587,3,9,0,,0,NA,NA,NA,NA,NA
2008,1,30,3,1333,1330,1427,1425,WN,30,N617SW,54,55,41,2,3,HOU,DAL,239,4,9,0,,0,NA,NA,NA,NA,NA
2008,1,30,3,1440,1440,1946,2010,WN,120,N412WN,186,210,166,-24,0,LAS,BNA,1588,6,14,0,,0,NA,NA,NA,NA,NA
2008,1,30,3,1009,1010,1631,1645,WN,815,N742SW,202,215,179,-14,-1,LAS,IND,1591,7,16,0,,0,NA,NA,NA,NA,NA
2008,1,30,3,1552,1550,1708,1715,WN,3334,N692SW,76,85,64,-7,2,LAS,RNO,345,3,9,0,,0,NA,NA,NA,NA,NA
2008,1,30,3,1733,1730,1846,1845,WN,3761,N743SW,73,75,61,1,3,LAX,OAK,337,6,6,0,,0,NA,NA,NA,NA,NA
2008,1,30,3,1627,1625,1847,1840,WN,1320,N278WN,80,75,62,7,2,LAX,PHX,370,8,10,0,,0,NA,NA,NA,NA,NA
2008,1,30,3,1454,1455,1944,1940,WN,656,N313SW,170,165,138,4,-1,LAX,SAT,1210,2,30,0,,0,NA,NA,NA,NA,NA
2008,1,30,3,1801,1805,2312,2335,WN,3493,N458WN,191,210,181,-23,-4,LAX,STL,1593,3,7,0,,0,NA,NA,NA,NA,NA
2008,1,30,3,834,835,934,940,WN,791,N391SW,60,65,51,-6,-1,LIT,DAL,296,3,6,0,,0,NA,NA,NA,NA,NA
2008,1,30,3,1133,1135,1235,1235,WN,27,N661SW,62,60,51,0,-2,MAF,DAL,319,3,8,0,,0,NA,NA,NA,NA,NA
2008,1,30,3,1327,1330,1553,1615,WN,331,N384SW,146,165,125,-22,-3,MCO,CLE,895,7,14,0,,0,NA,NA,NA,NA,NA
2008,1,30,3,1041,1045,1128,1145,WN,2875,N654SW,47,60,37,-17,-4,MCO,FLL,178,2,8,0,,0,NA,NA,NA,NA,NA
2008,1,30,3,1157,1200,1443,1455,WN,1530,N394SW,106,115,93,-12,-3,MDW,BDL,777,5,8,0,,0,NA,NA,NA,NA,NA
2008,1,30,3,758,745,907,905,WN,785,N452WN,69,80,54,2,13,MDW,BNA,395,6,9,0,,0,NA,NA,NA,NA,NA
2008,1,30,3,821,805,1021,1010,WN,891,N729SW,60,65,47,11,16,MDW,CLE,307,6,7,0,,0,NA,NA,NA,NA,NA
2008,1,30,3,1643,1625,1839,1835,WN,1465,N777QC,56,70,41,4,18,MDW,DTW,229,6,9,0,,0,NA,NA,NA,NA,NA
2008,1,30,3,824,825,1143,1200,WN,1051,N734SA,139,155,128,-17,-1,MDW,TPA,997,3,8,0,,0,NA,NA,NA,NA,NA
2008,1,30,3,630,620,945,950,WN,2458,N727SW,135,150,124,-5,10,MDW,TPA,997,3,8,0,,0,NA,NA,NA,NA,NA
2008,1,30,3,639,640,841,845,WN,459,N791SW,122,125,102,-4,-1,OAK,SEA,671,5,15,0,,0,NA,NA,NA,NA,NA
2008,1,30,3,1926,1930,2038,2050,WN,2560,N363SW,72,80,60,-12,-4,OMA,MDW,423,5,7,0,,0,NA,NA,NA,NA,NA
2008,1,30,3,1404,1355,1627,1635,WN,1138,N734SA,143,160,131,-8,9,PBI,ISP,1052,4,8,0,,0,NA,NA,NA,NA,NA
2008,1,30,3,1559,1600,1904,1900,WN,54,N508SW,245,240,227,4,-1,PHL,HOU,1335,2,16,0,,0,NA,NA,NA,NA,NA
2008,1,30,3,750,755,1038,1025,WN,1771,N362SW,168,150,127,13,-5,PHL,JAX,742,4,37,0,,0,NA,NA,NA,NA,NA
2008,1,30,3,1840,1835,1959,2000,WN,2133,N519SW,79,85,50,-1,5,PHL,PIT,267,5,24,0,,0,NA,NA,NA,NA,NA
2008,1,30,3,1347,1345,1644,1650,WN,784,N318SW,177,185,160,-6,2,PHL,RSW,992,3,14,0,,0,NA,NA,NA,NA,NA
2008,1,30,3,1630,1630,1637,1635,WN,1660,N282WN,67,65,51,2,0,PHX,LAS,256,3,13,0,,0,NA,NA,NA,NA,NA
2008,1,30,3,1835,1835,1928,1930,WN,1685,N216WR,53,55,39,-2,0,RNO,OAK,180,5,9,0,,0,NA,NA,NA,NA,NA
2008,1,30,3,659,705,1227,1300,WN,3164,N740SW,208,235,194,-33,-6,SAN,MDW,1728,4,10,0,,0,NA,NA,NA,NA,NA
2008,1,30,3,1359,1335,1524,1505,WN,1386,N763SW,85,90,72,19,24,SAN,OAK,446,5,8,0,,0,0,0,2,0,17
2008,1,30,3,1103,1040,1225,1220,WN,1093,N620SW,82,100,69,5,23,SEA,RNO,564,2,11,0,,0,NA,NA,NA,NA,NA
2008,1,30,3,1133,1135,1300,1300,WN,3050,N434WN,87,85,61,0,-2,SFO,LAS,414,6,20,0,,0,NA,NA,NA,NA,NA
2008,1,30,3,1105,1105,1201,1205,WN,523,N775SW,56,60,44,-4,0,SJC,BUR,296,3,9,0,,0,NA,NA,NA,NA,NA
2008,1,30,3,2121,2100,2223,2210,WN,2561,N359SW,62,70,48,13,21,SJC,LAX,308,5,9,0,,0,NA,NA,NA,NA,NA
2008,1,30,3,1550,1555,1948,1955,WN,495,N616SW,178,180,155,-7,-5,SLC,MDW,1258,8,15,0,,0,NA,NA,NA,NA,NA
2008,1,30,3,2046,2045,2141,2155,WN,2297,N425LV,55,70,47,-14,1,SMF,BUR,358,2,6,0,,0,NA,NA,NA,NA,NA
2008,1,30,3,802,805,911,915,WN,1518,N520SW,69,70,59,-4,-3,STL,OMA,342,3,7,0,,0,NA,NA,NA,NA,NA
2008,1,30,3,1250,1245,1338,1345,WN,541,N689SW,48,60,37,-7,5,TPA,FLL,197,3,8,0,,0,NA,NA,NA,NA,NA
2008,1,31,4,1430,1430,1702,1705,WN,45,N438WN,92,95,83,-3,0,ABQ,DAL,580,2,7,0,,0,NA,NA,NA,NA,NA
2008,1,31,4,2105,2030,2305,2230,WN,273,N622SW,60,60,46,35,35,ABQ,MAF,332,3,11,0,,0,0,0,0,0,35
2008,1,31,4,630,630,722,725,WN,1480,N777QC,52,55,39,-3,0,AUS,DAL,189,3,10,0,,0,NA,NA,NA,NA,NA
2008,1,31,4,1652,1630,1744,1730,WN,41,N687SW,52,60,44,14,22,DAL,HOU,239,3,5,0,,0,NA,NA,NA,NA,NA
2008,1,31,4,123,2105,212,2205,WN,103,N784SW,109,120,97,247,258,HOU,ELP,677,2,10,0,,0,10,0,0,0,237
2008,1,31,4,1319,1000,1724,1310,WN,7,N384SW,185,130,113,254,199,HOU,MCO,848,5,67,0,,0,35,0,55,0,164
2008,1,31,4,1120,910,1432,1135,WN,816,N614SW,192,145,174,177,130,HOU,MDW,937,6,12,0,,0,0,0,47,0,130
2008,1,31,4,1515,1500,2041,2010,WN,968,N279WN,206,190,159,31,15,LAS,STL,1372,8,39,0,,0,7,0,16,0,8
2008,1,31,4,1445,1440,1654,1655,WN,3068,N354SW,69,75,54,-1,5,LAX,PHX,370,3,12,0,,0,NA,NA,NA,NA,NA
2008,1,31,4,1756,1745,1854,1850,WN,1352,N418WN,58,65,49,4,11,LBB,AUS,341,4,5,0,,0,NA,NA,NA,NA,NA
2008,1,31,4,1141,1035,1418,1320,WN,827,N376SW,97,105,82,58,66,MDW,BWI,611,3,12,0,,0,0,32,0,0,26
2008,1,31,4,2216,2110,2336,2240,WN,2785,N663SW,80,90,70,56,66,MHT,BWI,377,3,7,0,,0,0,0,0,0,56
2008,1,31,4,632,635,803,805,WN,1368,N639SW,91,90,71,-2,-3,MHT,PHL,290,9,11,0,,0,NA,NA,NA,NA,NA
2008,1,31,4,611,615,822,825,WN,1351,N713SW,71,70,50,-3,-4,ONT,PHX,325,4,17,0,,0,NA,NA,NA,NA,NA
2008,1,31,4,1346,1345,1646,1650,WN,784,N675AA,180,185,162,-4,1,PHL,RSW,992,4,14,0,,0,NA,NA,NA,NA,NA
2008,1,31,4,2025,2005,2213,2155,WN,2199,N903WN,108,110,95,18,20,RDU,TPA,587,3,10,0,,0,4,0,0,0,14
2008,1,31,4,645,645,745,740,WN,2730,N489WN,60,55,45,5,0,SAT,DAL,248,4,11,0,,0,NA,NA,NA,NA,NA
2008,1,31,4,633,635,958,1015,WN,894,N401WN,145,160,125,-17,-2,SEA,DEN,1024,8,12,0,,0,NA,NA,NA,NA,NA
2008,1,31,4,2032,1935,2122,2035,WN,3775,N236WN,50,60,41,47,57,SJC,BUR,296,2,7,0,,0,4,0,0,0,43
2008,1,31,4,1504,1500,1616,1620,WN,3683,N233LV,72,80,58,-4,4,SJC,LAS,386,6,8,0,,0,NA,NA,NA,NA,NA
2008,1,31,4,2039,1940,2151,2050,WN,965,N739GB,72,70,53,61,59,SJC,LAX,308,6,13,0,,0,15,0,2,0,44
2008,1,31,4,748,745,1148,1145,WN,1743,N720WN,180,180,158,3,3,SLC,MDW,1258,5,17,0,,0,NA,NA,NA,NA,NA
2008,1,31,4,2106,1640,2239,1805,WN,1281,N768SW,93,85,80,274,266,SNA,OAK,371,7,6,0,,0,226,0,8,0,40
2008,1,14,1,1346,1350,1714,1659,XE,104,N12163,148,129,121,15,-4,ONT,COS,789,17,10,0,,0,0,0,15,0,0
2008,1,5,6,701,705,912,922,XE,119,N14562,71,77,54,-10,-4,ONT,TUS,409,6,11,0,,0,NA,NA,NA,NA,NA
2008,1,16,3,950,945,1039,1050,XE,119,N14198,49,65,38,-11,5,TUS,ELP,269,3,8,0,,0,NA,NA,NA,NA,NA
2008,1,28,1,942,945,1037,1050,XE,119,N13161,55,65,41,-13,-3,TUS,ELP,269,3,11,0,,0,NA,NA,NA,NA,NA
2008,1,4,5,1750,1650,1916,1811,XE,143,N11193,146,141,125,65,60,COS,ONT,789,7,14,0,,0,16,0,5,0,44
2008,1,28,1,1559,1550,1659,1659,XE,151,N11544,60,69,47,0,9,FAT,LGB,222,3,10,0,,0,NA,NA,NA,NA,NA
2008,1,30,3,1541,1550,1637,1659,XE,151,N15555,56,69,42,-22,-9,FAT,LGB,222,3,11,0,,0,NA,NA,NA,NA,NA
2008,1,8,2,1608,1540,1753,1725,XE,2,N14204,225,225,205,28,28,OKC,SMF,1342,7,13,0,,0,26,0,0,0,2
2008,1,28,1,910,910,1033,1035,XE,200,N11187,83,85,70,-2,0,LGB,RNO,402,4,9,0,,0,NA,NA,NA,NA,NA
2008,1,4,5,NA,1515,NA,1658,XE,201,,NA,103,NA,NA,NA,GEG,RNO,572,NA,NA,1,B,0,NA,NA,NA,NA,NA
2008,1,5,6,2239,1920,132,2217,XE,209,N14907,113,117,98,195,199,TUS,AUS,797,7,8,0,,0,6,0,0,0,189
2008,1,1,2,912,915,953,1012,XE,21,N11191,101,117,89,-19,-3,ABQ,ONT,631,3,9,0,,0,NA,NA,NA,NA,NA
2008,1,25,5,1933,1940,2236,2257,XE,212,N11194,123,137,106,-21,-7,SMF,COS,911,6,11,0,,0,NA,NA,NA,NA,NA
2008,1,8,2,1255,1255,1442,1434,XE,215,N27200,167,159,151,8,0,COS,SMF,911,3,13,0,,0,NA,NA,NA,NA,NA
2008,1,27,7,1245,1255,1421,1434,XE,215,N11193,156,159,141,-13,-10,COS,SMF,911,4,11,0,,0,NA,NA,NA,NA,NA
2008,1,8,2,1646,1655,1752,1816,XE,224,N14198,186,201,175,-24,-9,AUS,ONT,1197,3,8,0,,0,NA,NA,NA,NA,NA
2008,1,3,4,1256,1300,1518,1540,XE,24,N19554,142,160,131,-22,-4,ONT,GEG,936,5,6,0,,0,NA,NA,NA,NA,NA
2008,1,4,5,731,730,851,854,XE,301,N27200,140,144,120,-3,1,SAT,TUS,762,5,15,0,,0,NA,NA,NA,NA,NA
2008,1,30,3,1205,1210,1357,1410,XE,308,N27190,172,180,158,-13,-5,JAX,AUS,954,6,8,0,,0,NA,NA,NA,NA,NA
2008,1,27,7,1900,1855,2135,2139,XE,318,N16546,95,104,81,-4,5,ABQ,AUS,619,4,10,0,,0,NA,NA,NA,NA,NA
2008,1,9,3,1434,1330,1758,1720,XE,319,N11199,144,170,126,38,64,GEG,TUS,1125,5,13,0,,0,5,0,0,0,33
2008,1,17,4,1700,1700,1808,1820,XE,321,N14198,68,80,54,-12,0,SAT,OKC,407,6,8,0,,0,NA,NA,NA,NA,NA
2008,1,8,2,1632,1635,1928,1927,XE,322,N13550,116,112,103,1,-3,TUS,SAT,762,6,7,0,,0,NA,NA,NA,NA,NA
2008,1,4,5,1756,1745,2228,2227,XE,4,N14162,152,162,140,1,11,ONT,AUS,1197,5,7,0,,0,NA,NA,NA,NA,NA
2008,1,22,2,709,715,1016,1034,XE,400,N16561,127,139,111,-18,-6,SAN,BOI,749,4,12,0,,0,NA,NA,NA,NA,NA
2008,1,24,4,754,800,943,933,XE,404,N21197,229,213,205,10,-6,OMA,SAN,1313,5,19,0,,0,NA,NA,NA,NA,NA
2008,1,19,6,1139,1140,1413,1420,XE,41,N11551,94,100,78,-7,-1,ABQ,TUL,608,6,10,0,,0,NA,NA,NA,NA,NA
2008,1,20,7,1055,1105,1216,1226,XE,420,N11199,141,141,127,-10,-10,COS,SAN,816,5,9,0,,0,NA,NA,NA,NA,NA
2008,1,21,1,1104,1105,1331,1226,XE,420,N27190,207,141,165,65,-1,COS,SAN,816,6,36,0,,0,0,0,65,0,0
2008,1,7,1,1503,1515,1749,1808,XE,423,N17560,166,173,156,-19,-12,SAN,GEG,1027,5,5,0,,0,NA,NA,NA,NA,NA
2008,1,15,2,2004,1920,2119,2031,XE,444,N11551,75,71,58,48,44,MRY,SAN,376,6,11,0,,0,0,0,4,0,44
2008,1,16,3,1917,1920,2023,2031,XE,444,N14907,66,71,56,-8,-3,MRY,SAN,376,6,4,0,,0,NA,NA,NA,NA,NA
2008,1,25,5,707,715,809,817,XE,500,N11187,122,122,100,-8,-8,SAT,ABQ,609,6,16,0,,0,NA,NA,NA,NA,NA
2008,1,4,5,1427,1435,1518,1537,XE,502,N11194,111,122,91,-19,-8,SAT,ABQ,609,7,13,0,,0,NA,NA,NA,NA,NA
2008,1,21,1,937,945,1223,1240,XE,508,N14907,106,115,98,-17,-8,MSY,RDU,779,3,5,0,,0,NA,NA,NA,NA,NA
2008,1,15,2,759,800,918,920,XE,508,N17560,79,80,64,-2,-1,SAT,MSY,495,3,12,0,,0,NA,NA,NA,NA,NA
2008,1,25,5,821,820,956,1003,XE,511,N19554,95,103,77,-7,1,MSY,AUS,445,6,12,0,,0,NA,NA,NA,NA,NA
2008,1,16,3,859,900,1115,1124,XE,519,N16178,76,84,66,-9,-1,MSY,JAX,513,5,5,0,,0,NA,NA,NA,NA,NA
2008,1,12,6,751,800,834,845,XE,530,N14186,103,105,83,-11,-9,RDU,BHM,481,7,13,0,,0,NA,NA,NA,NA,NA
2008,1,20,7,1531,1500,1725,1705,XE,54,N14203,174,185,150,20,31,MCI,TUS,1036,7,17,0,,0,20,0,0,0,0
2008,1,3,4,1621,1530,1823,1740,XE,555,N16561,122,130,101,43,51,MSY,MCI,690,5,16,0,,0,5,0,0,0,38
2008,1,19,6,1300,1300,1457,1457,XE,556,N16559,117,117,102,0,0,MCI,MSY,690,5,10,0,,0,NA,NA,NA,NA,NA
2008,1,16,3,928,935,1036,1056,XE,608,N18557,68,81,57,-20,-7,JAX,RDU,408,2,9,0,,0,NA,NA,NA,NA,NA
2008,1,23,3,1611,1620,1813,1814,XE,621,N17196,182,174,156,-1,-9,RDU,MCI,904,16,10,0,,0,NA,NA,NA,NA,NA
2008,1,16,3,1538,1545,1647,1711,XE,73,N11199,189,206,167,-24,-7,OMA,ONT,1286,3,19,0,,0,NA,NA,NA,NA,NA
2008,1,22,2,1540,1545,1701,1711,XE,73,N11191,201,206,187,-10,-5,OMA,ONT,1286,4,10,0,,0,NA,NA,NA,NA,NA
2008,1,21,1,1311,1100,1532,1230,XE,7660,N12167,141,90,62,182,131,SLC,DEN,391,7,72,0,,0,0,0,66,0,116
2008,1,19,6,937,945,1231,1232,XE,7669,N33182,114,107,90,-1,-8,ONT,SLC,558,7,17,0,,0,NA,NA,NA,NA,NA
2008,1,7,1,1533,1530,1806,1820,XE,7676,N33182,93,110,82,-14,3,PDX,SLC,630,3,8,0,,0,NA,NA,NA,NA,NA
2008,1,24,4,1354,1345,1537,1518,XE,7682,N16170,163,153,149,19,9,OKC,SLC,866,5,9,0,,0,0,0,10,0,9
2008,1,18,5,1920,1930,2326,2306,XE,7684,N12167,186,156,120,20,-10,SLC,MCI,919,9,57,0,,0,0,0,20,0,0
2008,1,10,4,1946,1915,2049,2008,XE,7707,N11181,123,113,83,41,31,SLC,ONT,558,4,36,0,,0,31,0,10,0,0
2008,1,17,4,843,835,948,933,XE,7716,N11176,125,118,102,15,8,SLC,PDX,630,5,18,0,,0,0,0,7,0,8
2008,1,30,3,850,900,1008,1020,XE,7762,N11165,78,80,57,-12,-10,LAX,SJC,308,8,13,0,,0,NA,NA,NA,NA,NA
2008,1,23,3,1940,1900,2219,2148,XE,7765,N17169,159,168,128,31,40,LAX,SEA,954,6,25,0,,0,0,0,0,0,31
2008,1,9,3,1015,1010,1237,1228,XE,7768,N14570,82,78,61,9,5,LAX,PHX,370,7,14,0,,0,NA,NA,NA,NA,NA
2008,1,21,1,1016,1010,1225,1228,XE,7768,N22909,69,78,53,-3,6,LAX,PHX,370,4,12,0,,0,NA,NA,NA,NA,NA
2008,1,24,4,1615,1550,1726,1707,XE,7772,N13908,71,77,48,19,25,SJC,LAX,308,10,13,0,,0,0,0,0,0,19
2008,1,2,3,1555,1530,1725,1655,XE,7776,N13908,90,85,66,30,25,SMF,LAX,373,8,16,0,,0,0,0,5,0,25
2008,1,29,2,1751,1800,1905,1920,XE,7782,N22909,74,80,57,-15,-9,LAX,SJC,308,4,13,0,,0,NA,NA,NA,NA,NA
2008,1,8,2,2044,1755,2222,1917,XE,7786,N22909,98,82,70,185,169,LAX,SMF,373,7,21,0,,0,169,0,16,0,0
2008,1,27,7,2031,1945,2226,2110,XE,7786,N14570,115,85,67,76,46,SMF,LAX,373,13,35,0,,0,0,0,30,0,46
2008,1,12,6,749,750,1235,1244,XE,7802,N16183,166,174,145,-9,-1,LAX,ICT,1203,6,15,0,,0,NA,NA,NA,NA,NA
2008,1,2,3,2150,2115,2305,2243,XE,7812,N11181,75,88,51,22,35,LAX,SFO,337,8,16,0,,0,0,0,0,0,22
2008,1,27,7,1857,1900,2127,2137,XE,7824,N11165,150,157,120,-10,-3,LAX,GEG,945,10,20,0,,0,NA,NA,NA,NA,NA
2008,1,16,3,1855,1900,2119,2132,XE,7825,N22909,144,152,108,-13,-5,PDX,LAX,834,15,21,0,,0,NA,NA,NA,NA,NA
2008,1,26,6,2106,2015,2328,2249,XE,7826,N14177,142,154,114,39,51,LAX,PDX,834,5,23,0,,0,12,0,0,0,27
2008,1,18,5,1549,1555,1819,1829,XE,7828,N10575,150,154,130,-10,-6,LAX,PDX,834,6,14,0,,0,NA,NA,NA,NA,NA
2008,1,18,5,1208,1150,1336,1315,XE,7829,N14173,88,85,62,21,18,RNO,LAX,390,9,17,0,,0,0,0,3,0,18
2008,1,10,4,1554,1555,1719,1723,XE,80,N16559,85,88,69,-4,-1,TUL,AUS,426,4,12,0,,0,NA,NA,NA,NA,NA
2008,1,1,2,714,715,850,849,XE,9,N12175,216,214,189,1,-1,MCI,ONT,1318,11,16,0,,0,NA,NA,NA,NA,NA
2008,1,25,5,833,830,1131,1110,XE,97,N16546,178,160,129,21,3,ONT,GEG,936,6,43,0,,0,0,0,21,0,0
2008,1,5,6,741,740,806,804,XE,97,N16559,85,84,71,2,1,TUS,ONT,409,5,9,0,,0,NA,NA,NA,NA,NA
2008,1,11,5,740,740,802,804,XE,97,N17560,82,84,66,-2,0,TUS,ONT,409,6,10,0,,0,NA,NA,NA,NA,NA
2008,1,13,7,1241,1230,1608,1612,XE,3078,N27152,147,162,130,-4,11,IAH,RIC,1157,6,11,0,,0,NA,NA,NA,NA,NA
2008,1,7,1,1812,1820,1926,1929,XE,2928,N13989,74,69,57,-3,-8,IND,CLE,261,7,10,0,,0,NA,NA,NA,NA,NA
2008,1,4,5,602,600,652,700,XE,2119,N11113,50,60,30,-8,2,ALB,EWR,143,7,13,0,,0,NA,NA,NA,NA,NA
2008,1,31,4,603,610,725,745,XE,2478,N16981,82,95,61,-20,-7,GSO,EWR,446,6,15,0,,0,NA,NA,NA,NA,NA
2008,1,30,3,2037,2010,2249,2224,XE,2951,N21537,132,134,84,25,27,IND,EWR,644,9,39,0,,0,0,0,25,0,0
2008,1,1,2,830,830,1037,1010,XE,2437,N29906,187,160,149,27,0,CVG,IAH,871,7,31,0,,0,0,0,27,0,0
2008,1,12,6,1725,1735,1852,1900,XE,2467,N16911,87,85,65,-8,-10,GPT,IAH,376,14,8,0,,0,NA,NA,NA,NA,NA
2008,1,21,1,928,930,1021,1028,XE,2232,N13936,53,58,34,-7,-2,DAY,CLE,162,8,11,0,,0,NA,NA,NA,NA,NA
2008,1,21,1,1425,1425,1612,1605,XE,2152,N12126,167,160,152,7,0,IAH,TUS,936,6,9,0,,0,NA,NA,NA,NA,NA
2008,1,24,4,1454,1500,1633,1630,XE,2987,N13989,99,90,60,3,-6,EWR,ORF,284,5,34,0,,0,NA,NA,NA,NA,NA
